county,state,population_2010
Autauga County,Alabama,54571
Baldwin County,Alabama,182265
Barbour County,Alabama,27457
Bibb County,Alabama,22915
Blount County,Alabama,57322
Bullock County,Alabama,10914
Butler County,Alabama,20947
Calhoun County,Alabama,118572
Chambers County,Alabama,34215
Cherokee County,Alabama,25989
Chilton County,Alabama,43643
Choctaw County,Alabama,13859
Clarke County,Alabama,25833
Clay County,Alabama,13932
Cleburne County,Alabama,14972
Coffee County,Alabama,49948
Colbert County,Alabama,54428
Conecuh County,Alabama,13228
Coosa County,Alabama,11539
Covington County,Alabama,37765
Crenshaw County,Alabama,13906
Cullman County,Alabama,80406
Dale County,Alabama,50251
Dallas County,Alabama,43820
DeKalb County,Alabama,71109
Elmore County,Alabama,79303
Escambia County,Alabama,38319
Etowah County,Alabama,104430
Fayette County,Alabama,17241
Franklin County,Alabama,31704
Geneva County,Alabama,26790
Greene County,Alabama,9045
Hale County,Alabama,15760
Henry County,Alabama,17302
Houston County,Alabama,101547
Jackson County,Alabama,53227
Jefferson County,Alabama,658466
Lamar County,Alabama,14564
Lauderdale County,Alabama,92709
Lawrence County,Alabama,34339
Lee County,Alabama,140247
Limestone County,Alabama,82782
Lowndes County,Alabama,11299
Macon County,Alabama,21452
Madison County,Alabama,334811
Marengo County,Alabama,21027
Marion County,Alabama,30776
Marshall County,Alabama,93019
Mobile County,Alabama,412992
Monroe County,Alabama,23068
Montgomery County,Alabama,229363
Morgan County,Alabama,119490
Perry County,Alabama,10591
Pickens County,Alabama,19746
Pike County,Alabama,32899
Randolph County,Alabama,22913
Russell County,Alabama,52947
St. Clair County,Alabama,83593
Shelby County,Alabama,195085
Sumter County,Alabama,13763
Talladega County,Alabama,82291
Tallapoosa County,Alabama,41616
Tuscaloosa County,Alabama,194656
Walker County,Alabama,67023
Washington County,Alabama,17581
Wilcox County,Alabama,11670
Winston County,Alabama,24484
Aleutians East Borough,Alaska,3141
Aleutians West Census Area,Alaska,5561
Anchorage Municipality,Alaska,291826
Bethel Census Area,Alaska,17013
Bristol Bay Borough,Alaska,997
Denali Borough,Alaska,1826
Dillingham Census Area,Alaska,4847
Fairbanks North Star Borough,Alaska,97581
Haines Borough,Alaska,2508
Hoonah-Angoon Census Area,Alaska,2150
Juneau City and Borough,Alaska,31275
Kenai Peninsula Borough,Alaska,55400
Ketchikan Gateway Borough,Alaska,13477
Kodiak Island Borough,Alaska,13592
Lake and Peninsula Borough,Alaska,1631
Matanuska-Susitna Borough,Alaska,88995
Nome Census Area,Alaska,9492
North Slope Borough,Alaska,9430
Northwest Arctic Borough,Alaska,7523
Petersburg Census Area,Alaska,3815
Prince of Wales-Hyder Census Area,Alaska,5559
Sitka City and Borough,Alaska,8881
Skagway Municipality,Alaska,968
Southeast Fairbanks Census Area,Alaska,7029
Valdez-Cordova Census Area,Alaska,9636
Wade Hampton Census Area,Alaska,7459
Wrangell City and Borough,Alaska,2369
Yakutat City and Borough,Alaska,662
Yukon-Koyukuk Census Area,Alaska,5588
Apache County,Arizona,71518
Cochise County,Arizona,131346
Coconino County,Arizona,134421
Gila County,Arizona,53597
Graham County,Arizona,37220
Greenlee County,Arizona,8437
La Paz County,Arizona,20489
Maricopa County,Arizona,3817117
Mohave County,Arizona,200186
Navajo County,Arizona,107449
Pima County,Arizona,980263
Pinal County,Arizona,375770
Santa Cruz County,Arizona,47420
Yavapai County,Arizona,211033
Yuma County,Arizona,195751
Arkansas County,Arkansas,19019
Ashley County,Arkansas,21853
Baxter County,Arkansas,41513
Benton County,Arkansas,221339
Boone County,Arkansas,36903
Bradley County,Arkansas,11508
Calhoun County,Arkansas,5368
Carroll County,Arkansas,27446
Chicot County,Arkansas,11800
Clark County,Arkansas,22995
Clay County,Arkansas,16083
Cleburne County,Arkansas,25970
Cleveland County,Arkansas,8689
Columbia County,Arkansas,24552
Conway County,Arkansas,21273
Craighead County,Arkansas,96443
Crawford County,Arkansas,61948
Crittenden County,Arkansas,50902
Cross County,Arkansas,17870
Dallas County,Arkansas,8116
Desha County,Arkansas,13008
Drew County,Arkansas,18509
Faulkner County,Arkansas,113237
Franklin County,Arkansas,18125
Fulton County,Arkansas,12245
Garland County,Arkansas,96024
Grant County,Arkansas,17853
Greene County,Arkansas,42090
Hempstead County,Arkansas,22609
Hot Spring County,Arkansas,32923
Howard County,Arkansas,13789
Independence County,Arkansas,36647
Izard County,Arkansas,13696
Jackson County,Arkansas,17997
Jefferson County,Arkansas,77435
Johnson County,Arkansas,25540
Lafayette County,Arkansas,7645
Lawrence County,Arkansas,17415
Lee County,Arkansas,10424
Lincoln County,Arkansas,14134
Little River County,Arkansas,13171
Logan County,Arkansas,22353
Lonoke County,Arkansas,68356
Madison County,Arkansas,15717
Marion County,Arkansas,16653
Miller County,Arkansas,43462
Mississippi County,Arkansas,46480
Monroe County,Arkansas,8149
Montgomery County,Arkansas,9487
Nevada County,Arkansas,8997
Newton County,Arkansas,8330
Ouachita County,Arkansas,26120
Perry County,Arkansas,10445
Phillips County,Arkansas,21757
Pike County,Arkansas,11291
Poinsett County,Arkansas,24583
Polk County,Arkansas,20662
Pope County,Arkansas,61754
Prairie County,Arkansas,8715
Pulaski County,Arkansas,382748
Randolph County,Arkansas,17969
St. Francis County,Arkansas,28258
Saline County,Arkansas,107118
Scott County,Arkansas,11233
Searcy County,Arkansas,8195
Sebastian County,Arkansas,125744
Sevier County,Arkansas,17058
Sharp County,Arkansas,17264
Stone County,Arkansas,12394
Union County,Arkansas,41639
Van Buren County,Arkansas,17295
Washington County,Arkansas,203065
White County,Arkansas,77076
Woodruff County,Arkansas,7260
Yell County,Arkansas,22185
Alameda County,California,1510271
Alpine County,California,1175
Amador County,California,38091
Butte County,California,220000
Calaveras County,California,45578
Colusa County,California,21419
Contra Costa County,California,1049025
Del Norte County,California,28610
El Dorado County,California,181058
Fresno County,California,930450
Glenn County,California,28122
Humboldt County,California,134623
Imperial County,California,174528
Inyo County,California,18546
Kern County,California,839631
Kings County,California,152982
Lake County,California,64665
Lassen County,California,34895
Los Angeles County,California,9818605
Madera County,California,150865
Marin County,California,252409
Mariposa County,California,18251
Mendocino County,California,87841
Merced County,California,255793
Modoc County,California,9686
Mono County,California,14202
Monterey County,California,415057
Napa County,California,136484
Nevada County,California,98764
Orange County,California,3010232
Placer County,California,348432
Plumas County,California,20007
Riverside County,California,2189641
Sacramento County,California,1418788
San Benito County,California,55269
San Bernardino County,California,2035210
San Diego County,California,3095313
San Francisco County,California,805235
San Joaquin County,California,685306
San Luis Obispo County,California,269637
San Mateo County,California,718451
Santa Barbara County,California,423895
Santa Clara County,California,1781642
Santa Cruz County,California,262382
Shasta County,California,177223
Sierra County,California,3240
Siskiyou County,California,44900
Solano County,California,413344
Sonoma County,California,483878
Stanislaus County,California,514453
Sutter County,California,94737
Tehama County,California,63463
Trinity County,California,13786
Tulare County,California,442179
Tuolumne County,California,55365
Ventura County,California,823318
Yolo County,California,200849
Yuba County,California,72155
Adams County,Colorado,441603
Alamosa County,Colorado,15445
Arapahoe County,Colorado,572003
Archuleta County,Colorado,12084
Baca County,Colorado,3788
Bent County,Colorado,6499
Boulder County,Colorado,294567
Broomfield County,Colorado,55889
Chaffee County,Colorado,17809
Cheyenne County,Colorado,1836
Clear Creek County,Colorado,9088
Conejos County,Colorado,8256
Costilla County,Colorado,3524
Crowley County,Colorado,5823
Custer County,Colorado,4255
Delta County,Colorado,30952
Denver County,Colorado,600158
Dolores County,Colorado,2064
Douglas County,Colorado,285465
Eagle County,Colorado,52197
Elbert County,Colorado,23086
El Paso County,Colorado,622263
Fremont County,Colorado,46824
Garfield County,Colorado,56389
Gilpin County,Colorado,5441
Grand County,Colorado,14843
Gunnison County,Colorado,15324
Hinsdale County,Colorado,843
Huerfano County,Colorado,6711
Jackson County,Colorado,1394
Jefferson County,Colorado,534543
Kiowa County,Colorado,1398
Kit Carson County,Colorado,8270
Lake County,Colorado,7310
La Plata County,Colorado,51334
Larimer County,Colorado,299630
Las Animas County,Colorado,15507
Lincoln County,Colorado,5467
Logan County,Colorado,22709
Mesa County,Colorado,146723
Mineral County,Colorado,712
Moffat County,Colorado,13795
Montezuma County,Colorado,25535
Montrose County,Colorado,41276
Morgan County,Colorado,28159
Otero County,Colorado,18831
Ouray County,Colorado,4436
Park County,Colorado,16206
Phillips County,Colorado,4442
Pitkin County,Colorado,17148
Prowers County,Colorado,12551
Pueblo County,Colorado,159063
Rio Blanco County,Colorado,6666
Rio Grande County,Colorado,11982
Routt County,Colorado,23509
Saguache County,Colorado,6108
San Juan County,Colorado,699
San Miguel County,Colorado,7359
Sedgwick County,Colorado,2379
Summit County,Colorado,27994
Teller County,Colorado,23350
Washington County,Colorado,4814
Weld County,Colorado,252825
Yuma County,Colorado,10043
Fairfield County,Connecticut,916829
Hartford County,Connecticut,894014
Litchfield County,Connecticut,189927
Middlesex County,Connecticut,165676
New Haven County,Connecticut,862477
New London County,Connecticut,274055
Tolland County,Connecticut,152691
Windham County,Connecticut,118428
Kent County,Delaware,162310
New Castle County,Delaware,538479
Sussex County,Delaware,197145
District of Columbia,District of Columbia,601723
Alachua County,Florida,247336
Baker County,Florida,27115
Bay County,Florida,168852
Bradford County,Florida,28520
Brevard County,Florida,543376
Broward County,Florida,1748066
Calhoun County,Florida,14625
Charlotte County,Florida,159978
Citrus County,Florida,141236
Clay County,Florida,190865
Collier County,Florida,321520
Columbia County,Florida,67531
DeSoto County,Florida,34862
Dixie County,Florida,16422
Duval County,Florida,864263
Escambia County,Florida,297619
Flagler County,Florida,95696
Franklin County,Florida,11549
Gadsden County,Florida,46389
Gilchrist County,Florida,16939
Glades County,Florida,12884
Gulf County,Florida,15863
Hamilton County,Florida,14799
Hardee County,Florida,27731
Hendry County,Florida,39140
Hernando County,Florida,172778
Highlands County,Florida,98786
Hillsborough County,Florida,1229226
Holmes County,Florida,19927
Indian River County,Florida,138028
Jackson County,Florida,49746
Jefferson County,Florida,14761
Lafayette County,Florida,8870
Lake County,Florida,297052
Lee County,Florida,618754
Leon County,Florida,275487
Levy County,Florida,40801
Liberty County,Florida,8365
Madison County,Florida,19224
Manatee County,Florida,322833
Marion County,Florida,331298
Martin County,Florida,146318
Miami-Dade County,Florida,2496435
Monroe County,Florida,73090
Nassau County,Florida,73314
Okaloosa County,Florida,180822
Okeechobee County,Florida,39996
Orange County,Florida,1145956
Osceola County,Florida,268685
Palm Beach County,Florida,1320134
Pasco County,Florida,464697
Pinellas County,Florida,916542
Polk County,Florida,602095
Putnam County,Florida,74364
St. Johns County,Florida,190039
St. Lucie County,Florida,277789
Santa Rosa County,Florida,151372
Sarasota County,Florida,379448
Seminole County,Florida,422718
Sumter County,Florida,93420
Suwannee County,Florida,41551
Taylor County,Florida,22570
Union County,Florida,15535
Volusia County,Florida,494593
Wakulla County,Florida,30776
Walton County,Florida,55043
Washington County,Florida,24896
Appling County,Georgia,18236
Atkinson County,Georgia,8375
Bacon County,Georgia,11096
Baker County,Georgia,3451
Baldwin County,Georgia,45720
Banks County,Georgia,18395
Barrow County,Georgia,69367
Bartow County,Georgia,100157
Ben Hill County,Georgia,17634
Berrien County,Georgia,19286
Bibb County,Georgia,155547
Bleckley County,Georgia,13063
Brantley County,Georgia,18411
Brooks County,Georgia,16243
Bryan County,Georgia,30233
Bulloch County,Georgia,70217
Burke County,Georgia,23316
Butts County,Georgia,23655
Calhoun County,Georgia,6694
Camden County,Georgia,50513
Candler County,Georgia,10998
Carroll County,Georgia,110527
Catoosa County,Georgia,63942
Charlton County,Georgia,12171
Chatham County,Georgia,265128
Chattahoochee County,Georgia,11267
Chattooga County,Georgia,26015
Cherokee County,Georgia,214346
Clarke County,Georgia,116714
Clay County,Georgia,3183
Clayton County,Georgia,259424
Clinch County,Georgia,6798
Cobb County,Georgia,688078
Coffee County,Georgia,42356
Colquitt County,Georgia,45498
Columbia County,Georgia,124053
Cook County,Georgia,17212
Coweta County,Georgia,127317
Crawford County,Georgia,12630
Crisp County,Georgia,23439
Dade County,Georgia,16633
Dawson County,Georgia,22330
Decatur County,Georgia,27842
DeKalb County,Georgia,691893
Dodge County,Georgia,21796
Dooly County,Georgia,14918
Dougherty County,Georgia,94565
Douglas County,Georgia,132403
Early County,Georgia,11008
Echols County,Georgia,4034
Effingham County,Georgia,52250
Elbert County,Georgia,20166
Emanuel County,Georgia,22598
Evans County,Georgia,11000
Fannin County,Georgia,23682
Fayette County,Georgia,106567
Floyd County,Georgia,96317
Forsyth County,Georgia,175511
Franklin County,Georgia,22084
Fulton County,Georgia,920581
Gilmer County,Georgia,28292
Glascock County,Georgia,3082
Glynn County,Georgia,79626
Gordon County,Georgia,55186
Grady County,Georgia,25011
Greene County,Georgia,15994
Gwinnett County,Georgia,805321
Habersham County,Georgia,43041
Hall County,Georgia,179684
Hancock County,Georgia,9429
Haralson County,Georgia,28780
Harris County,Georgia,32024
Hart County,Georgia,25213
Heard County,Georgia,11834
Henry County,Georgia,203922
Houston County,Georgia,139900
Irwin County,Georgia,9538
Jackson County,Georgia,60485
Jasper County,Georgia,13900
Jeff Davis County,Georgia,15068
Jefferson County,Georgia,16930
Jenkins County,Georgia,8340
Johnson County,Georgia,9980
Jones County,Georgia,28669
Lamar County,Georgia,18317
Lanier County,Georgia,10078
Laurens County,Georgia,48434
Lee County,Georgia,28298
Liberty County,Georgia,63453
Lincoln County,Georgia,7996
Long County,Georgia,14464
Lowndes County,Georgia,109233
Lumpkin County,Georgia,29966
McDuffie County,Georgia,21875
McIntosh County,Georgia,14333
Macon County,Georgia,14740
Madison County,Georgia,28120
Marion County,Georgia,8742
Meriwether County,Georgia,21992
Miller County,Georgia,6125
Mitchell County,Georgia,23498
Monroe County,Georgia,26424
Montgomery County,Georgia,9123
Morgan County,Georgia,17868
Murray County,Georgia,39628
Muscogee County,Georgia,189885
Newton County,Georgia,99958
Oconee County,Georgia,32808
Oglethorpe County,Georgia,14899
Paulding County,Georgia,142324
Peach County,Georgia,27695
Pickens County,Georgia,29431
Pierce County,Georgia,18758
Pike County,Georgia,17869
Polk County,Georgia,41475
Pulaski County,Georgia,12010
Putnam County,Georgia,21218
Quitman County,Georgia,2513
Rabun County,Georgia,16276
Randolph County,Georgia,7719
Richmond County,Georgia,200549
Rockdale County,Georgia,85215
Schley County,Georgia,5010
Screven County,Georgia,14593
Seminole County,Georgia,8729
Spalding County,Georgia,64073
Stephens County,Georgia,26175
Stewart County,Georgia,6058
Sumter County,Georgia,32819
Talbot County,Georgia,6865
Taliaferro County,Georgia,1717
Tattnall County,Georgia,25520
Taylor County,Georgia,8906
Telfair County,Georgia,16500
Terrell County,Georgia,9315
Thomas County,Georgia,44720
Tift County,Georgia,40118
Toombs County,Georgia,27223
Towns County,Georgia,10471
Treutlen County,Georgia,6885
Troup County,Georgia,67044
Turner County,Georgia,8930
Twiggs County,Georgia,9023
Union County,Georgia,21356
Upson County,Georgia,27153
Walker County,Georgia,68756
Walton County,Georgia,83768
Ware County,Georgia,36312
Warren County,Georgia,5834
Washington County,Georgia,21187
Wayne County,Georgia,30099
Webster County,Georgia,2799
Wheeler County,Georgia,7421
White County,Georgia,27144
Whitfield County,Georgia,102599
Wilcox County,Georgia,9255
Wilkes County,Georgia,10593
Wilkinson County,Georgia,9563
Worth County,Georgia,21679
Hawaii County,Hawaii,185079
Honolulu County,Hawaii,953207
Kalawao County,Hawaii,90
Kauai County,Hawaii,67091
Maui County,Hawaii,154834
Ada County,Idaho,392365
Adams County,Idaho,3976
Bannock County,Idaho,82839
Bear Lake County,Idaho,5986
Benewah County,Idaho,9285
Bingham County,Idaho,45607
Blaine County,Idaho,21376
Boise County,Idaho,7028
Bonner County,Idaho,40877
Bonneville County,Idaho,104234
Boundary County,Idaho,10972
Butte County,Idaho,2891
Camas County,Idaho,1117
Canyon County,Idaho,188923
Caribou County,Idaho,6963
Cassia County,Idaho,22952
Clark County,Idaho,982
Clearwater County,Idaho,8761
Custer County,Idaho,4368
Elmore County,Idaho,27038
Franklin County,Idaho,12786
Fremont County,Idaho,13242
Gem County,Idaho,16719
Gooding County,Idaho,15464
Idaho County,Idaho,16267
Jefferson County,Idaho,26140
Jerome County,Idaho,22374
Kootenai County,Idaho,138494
Latah County,Idaho,37244
Lemhi County,Idaho,7936
Lewis County,Idaho,3821
Lincoln County,Idaho,5208
Madison County,Idaho,37536
Minidoka County,Idaho,20069
Nez Perce County,Idaho,39265
Oneida County,Idaho,4286
Owyhee County,Idaho,11526
Payette County,Idaho,22623
Power County,Idaho,7817
Shoshone County,Idaho,12765
Teton County,Idaho,10170
Twin Falls County,Idaho,77230
Valley County,Idaho,9862
Washington County,Idaho,10198
Adams County,Illinois,67103
Alexander County,Illinois,8238
Bond County,Illinois,17768
Boone County,Illinois,54165
Brown County,Illinois,6937
Bureau County,Illinois,34978
Calhoun County,Illinois,5089
Carroll County,Illinois,15387
Cass County,Illinois,13642
Champaign County,Illinois,201081
Christian County,Illinois,34800
Clark County,Illinois,16335
Clay County,Illinois,13815
Clinton County,Illinois,37762
Coles County,Illinois,53873
Cook County,Illinois,5194675
Crawford County,Illinois,19817
Cumberland County,Illinois,11048
DeKalb County,Illinois,105160
De Witt County,Illinois,16561
Douglas County,Illinois,19980
DuPage County,Illinois,916924
Edgar County,Illinois,18576
Edwards County,Illinois,6721
Effingham County,Illinois,34242
Fayette County,Illinois,22140
Ford County,Illinois,14081
Franklin County,Illinois,39561
Fulton County,Illinois,37069
Gallatin County,Illinois,5589
Greene County,Illinois,13886
Grundy County,Illinois,50063
Hamilton County,Illinois,8457
Hancock County,Illinois,19104
Hardin County,Illinois,4320
Henderson County,Illinois,7331
Henry County,Illinois,50486
Iroquois County,Illinois,29718
Jackson County,Illinois,60218
Jasper County,Illinois,9698
Jefferson County,Illinois,38827
Jersey County,Illinois,22985
Jo Daviess County,Illinois,22678
Johnson County,Illinois,12582
Kane County,Illinois,515269
Kankakee County,Illinois,113449
Kendall County,Illinois,114736
Knox County,Illinois,52919
Lake County,Illinois,703462
LaSalle County,Illinois,113924
Lawrence County,Illinois,16833
Lee County,Illinois,36031
Livingston County,Illinois,38950
Logan County,Illinois,30305
McDonough County,Illinois,32612
McHenry County,Illinois,308760
McLean County,Illinois,169572
Macon County,Illinois,110768
Macoupin County,Illinois,47765
Madison County,Illinois,269282
Marion County,Illinois,39437
Marshall County,Illinois,12640
Mason County,Illinois,14666
Massac County,Illinois,15429
Menard County,Illinois,12705
Mercer County,Illinois,16434
Monroe County,Illinois,32957
Montgomery County,Illinois,30104
Morgan County,Illinois,35547
Moultrie County,Illinois,14846
Ogle County,Illinois,53497
Peoria County,Illinois,186494
Perry County,Illinois,22350
Piatt County,Illinois,16729
Pike County,Illinois,16430
Pope County,Illinois,4470
Pulaski County,Illinois,6161
Putnam County,Illinois,6006
Randolph County,Illinois,33476
Richland County,Illinois,16233
Rock Island County,Illinois,147546
St. Clair County,Illinois,270056
Saline County,Illinois,24913
Sangamon County,Illinois,197465
Schuyler County,Illinois,7544
Scott County,Illinois,5355
Shelby County,Illinois,22363
Stark County,Illinois,5994
Stephenson County,Illinois,47711
Tazewell County,Illinois,135394
Union County,Illinois,17808
Vermilion County,Illinois,81625
Wabash County,Illinois,11947
Warren County,Illinois,17707
Washington County,Illinois,14716
Wayne County,Illinois,16760
White County,Illinois,14665
Whiteside County,Illinois,58498
Will County,Illinois,677560
Williamson County,Illinois,66357
Winnebago County,Illinois,295266
Woodford County,Illinois,38664
Adams County,Indiana,34387
Allen County,Indiana,355329
Bartholomew County,Indiana,76794
Benton County,Indiana,8854
Blackford County,Indiana,12766
Boone County,Indiana,56640
Brown County,Indiana,15242
Carroll County,Indiana,20155
Cass County,Indiana,38966
Clark County,Indiana,110232
Clay County,Indiana,26890
Clinton County,Indiana,33224
Crawford County,Indiana,10713
Daviess County,Indiana,31648
Dearborn County,Indiana,50047
Decatur County,Indiana,25740
DeKalb County,Indiana,42223
Delaware County,Indiana,117671
Dubois County,Indiana,41889
Elkhart County,Indiana,197559
Fayette County,Indiana,24277
Floyd County,Indiana,74578
Fountain County,Indiana,17240
Franklin County,Indiana,23087
Fulton County,Indiana,20836
Gibson County,Indiana,33503
Grant County,Indiana,70061
Greene County,Indiana,33165
Hamilton County,Indiana,274569
Hancock County,Indiana,70002
Harrison County,Indiana,39364
Hendricks County,Indiana,145448
Henry County,Indiana,49462
Howard County,Indiana,82752
Huntington County,Indiana,37124
Jackson County,Indiana,42376
Jasper County,Indiana,33478
Jay County,Indiana,21253
Jefferson County,Indiana,32428
Jennings County,Indiana,28525
Johnson County,Indiana,139654
Knox County,Indiana,38440
Kosciusko County,Indiana,77358
LaGrange County,Indiana,37128
Lake County,Indiana,496005
LaPorte County,Indiana,111467
Lawrence County,Indiana,46134
Madison County,Indiana,131636
Marion County,Indiana,903393
Marshall County,Indiana,47051
Martin County,Indiana,10334
Miami County,Indiana,36903
Monroe County,Indiana,137974
Montgomery County,Indiana,38124
Morgan County,Indiana,68894
Newton County,Indiana,14244
Noble County,Indiana,47536
Ohio County,Indiana,6128
Orange County,Indiana,19840
Owen County,Indiana,21575
Parke County,Indiana,17339
Perry County,Indiana,19338
Pike County,Indiana,12845
Porter County,Indiana,164343
Posey County,Indiana,25910
Pulaski County,Indiana,13402
Putnam County,Indiana,37963
Randolph County,Indiana,26171
Ripley County,Indiana,28818
Rush County,Indiana,17392
St. Joseph County,Indiana,266931
Scott County,Indiana,24181
Shelby County,Indiana,44436
Spencer County,Indiana,20952
Starke County,Indiana,23363
Steuben County,Indiana,34185
Sullivan County,Indiana,21475
Switzerland County,Indiana,10613
Tippecanoe County,Indiana,172780
Tipton County,Indiana,15936
Union County,Indiana,7516
Vanderburgh County,Indiana,179703
Vermillion County,Indiana,16212
Vigo County,Indiana,107848
Wabash County,Indiana,32888
Warren County,Indiana,8508
Warrick County,Indiana,59689
Washington County,Indiana,28262
Wayne County,Indiana,68917
Wells County,Indiana,27636
White County,Indiana,24643
Whitley County,Indiana,33292
Adair County,Iowa,7682
Adams County,Iowa,4029
Allamakee County,Iowa,14330
Appanoose County,Iowa,12887
Audubon County,Iowa,6119
Benton County,Iowa,26076
Black Hawk County,Iowa,131090
Boone County,Iowa,26306
Bremer County,Iowa,24276
Buchanan County,Iowa,20958
Buena Vista County,Iowa,20260
Butler County,Iowa,14867
Calhoun County,Iowa,9670
Carroll County,Iowa,20816
Cass County,Iowa,13956
Cedar County,Iowa,18499
Cerro Gordo County,Iowa,44151
Cherokee County,Iowa,12072
Chickasaw County,Iowa,12439
Clarke County,Iowa,9286
Clay County,Iowa,16667
Clayton County,Iowa,18129
Clinton County,Iowa,49116
Crawford County,Iowa,17096
Dallas County,Iowa,66135
Davis County,Iowa,8753
Decatur County,Iowa,8457
Delaware County,Iowa,17764
Des Moines County,Iowa,40325
Dickinson County,Iowa,16667
Dubuque County,Iowa,93653
Emmet County,Iowa,10302
Fayette County,Iowa,20880
Floyd County,Iowa,16303
Franklin County,Iowa,10680
Fremont County,Iowa,7441
Greene County,Iowa,9336
Grundy County,Iowa,12453
Guthrie County,Iowa,10954
Hamilton County,Iowa,15673
Hancock County,Iowa,11341
Hardin County,Iowa,17534
Harrison County,Iowa,14928
Henry County,Iowa,20145
Howard County,Iowa,9566
Humboldt County,Iowa,9815
Ida County,Iowa,7089
Iowa County,Iowa,16355
Jackson County,Iowa,19848
Jasper County,Iowa,36842
Jefferson County,Iowa,16843
Johnson County,Iowa,130882
Jones County,Iowa,20638
Keokuk County,Iowa,10511
Kossuth County,Iowa,15543
Lee County,Iowa,35862
Linn County,Iowa,211226
Louisa County,Iowa,11387
Lucas County,Iowa,8898
Lyon County,Iowa,11581
Madison County,Iowa,15679
Mahaska County,Iowa,22381
Marion County,Iowa,33309
Marshall County,Iowa,40648
Mills County,Iowa,15059
Mitchell County,Iowa,10776
Monona County,Iowa,9243
Monroe County,Iowa,7970
Montgomery County,Iowa,10740
Muscatine County,Iowa,42745
O'Brien County,Iowa,14398
Osceola County,Iowa,6462
Page County,Iowa,15932
Palo Alto County,Iowa,9421
Plymouth County,Iowa,24986
Pocahontas County,Iowa,7310
Polk County,Iowa,430640
Pottawattamie County,Iowa,93158
Poweshiek County,Iowa,18914
Ringgold County,Iowa,5131
Sac County,Iowa,10350
Scott County,Iowa,165224
Shelby County,Iowa,12167
Sioux County,Iowa,33704
Story County,Iowa,89542
Tama County,Iowa,17767
Taylor County,Iowa,6317
Union County,Iowa,12534
Van Buren County,Iowa,7570
Wapello County,Iowa,35625
Warren County,Iowa,46225
Washington County,Iowa,21704
Wayne County,Iowa,6403
Webster County,Iowa,38013
Winnebago County,Iowa,10866
Winneshiek County,Iowa,21056
Woodbury County,Iowa,102172
Worth County,Iowa,7598
Wright County,Iowa,13229
Allen County,Kansas,13371
Anderson County,Kansas,8102
Atchison County,Kansas,16924
Barber County,Kansas,4861
Barton County,Kansas,27674
Bourbon County,Kansas,15173
Brown County,Kansas,9984
Butler County,Kansas,65880
Chase County,Kansas,2790
Chautauqua County,Kansas,3669
Cherokee County,Kansas,21603
Cheyenne County,Kansas,2726
Clark County,Kansas,2215
Clay County,Kansas,8535
Cloud County,Kansas,9533
Coffey County,Kansas,8601
Comanche County,Kansas,1891
Cowley County,Kansas,36311
Crawford County,Kansas,39134
Decatur County,Kansas,2961
Dickinson County,Kansas,19754
Doniphan County,Kansas,7945
Douglas County,Kansas,110826
Edwards County,Kansas,3037
Elk County,Kansas,2882
Ellis County,Kansas,28452
Ellsworth County,Kansas,6497
Finney County,Kansas,36776
Ford County,Kansas,33848
Franklin County,Kansas,25992
Geary County,Kansas,34362
Gove County,Kansas,2695
Graham County,Kansas,2597
Grant County,Kansas,7829
Gray County,Kansas,6006
Greeley County,Kansas,1247
Greenwood County,Kansas,6689
Hamilton County,Kansas,2690
Harper County,Kansas,6034
Harvey County,Kansas,34684
Haskell County,Kansas,4256
Hodgeman County,Kansas,1916
Jackson County,Kansas,13462
Jefferson County,Kansas,19126
Jewell County,Kansas,3077
Johnson County,Kansas,544179
Kearny County,Kansas,3977
Kingman County,Kansas,7858
Kiowa County,Kansas,2553
Labette County,Kansas,21607
Lane County,Kansas,1750
Leavenworth County,Kansas,76227
Lincoln County,Kansas,3241
Linn County,Kansas,9656
Logan County,Kansas,2756
Lyon County,Kansas,33690
McPherson County,Kansas,29180
Marion County,Kansas,12660
Marshall County,Kansas,10117
Meade County,Kansas,4575
Miami County,Kansas,32787
Mitchell County,Kansas,6373
Montgomery County,Kansas,35471
Morris County,Kansas,5923
Morton County,Kansas,3233
Nemaha County,Kansas,10178
Neosho County,Kansas,16512
Ness County,Kansas,3107
Norton County,Kansas,5671
Osage County,Kansas,16295
Osborne County,Kansas,3858
Ottawa County,Kansas,6091
Pawnee County,Kansas,6973
Phillips County,Kansas,5642
Pottawatomie County,Kansas,21604
Pratt County,Kansas,9656
Rawlins County,Kansas,2519
Reno County,Kansas,64511
Republic County,Kansas,4980
Rice County,Kansas,10083
Riley County,Kansas,71115
Rooks County,Kansas,5181
Rush County,Kansas,3307
Russell County,Kansas,6970
Saline County,Kansas,55606
Scott County,Kansas,4936
Sedgwick County,Kansas,498365
Seward County,Kansas,22952
Shawnee County,Kansas,177934
Sheridan County,Kansas,2556
Sherman County,Kansas,6010
Smith County,Kansas,3853
Stafford County,Kansas,4437
Stanton County,Kansas,2235
Stevens County,Kansas,5724
Sumner County,Kansas,24132
Thomas County,Kansas,7900
Trego County,Kansas,3001
Wabaunsee County,Kansas,7053
Wallace County,Kansas,1485
Washington County,Kansas,5799
Wichita County,Kansas,2234
Wilson County,Kansas,9409
Woodson County,Kansas,3309
Wyandotte County,Kansas,157505
Adair County,Kentucky,18656
Allen County,Kentucky,19956
Anderson County,Kentucky,21421
Ballard County,Kentucky,8249
Barren County,Kentucky,42173
Bath County,Kentucky,11591
Bell County,Kentucky,28691
Boone County,Kentucky,118811
Bourbon County,Kentucky,19985
Boyd County,Kentucky,49542
Boyle County,Kentucky,28432
Bracken County,Kentucky,8488
Breathitt County,Kentucky,13878
Breckinridge County,Kentucky,20059
Bullitt County,Kentucky,74319
Butler County,Kentucky,12690
Caldwell County,Kentucky,12984
Calloway County,Kentucky,37191
Campbell County,Kentucky,90336
Carlisle County,Kentucky,5104
Carroll County,Kentucky,10811
Carter County,Kentucky,27720
Casey County,Kentucky,15955
Christian County,Kentucky,73955
Clark County,Kentucky,35613
Clay County,Kentucky,21730
Clinton County,Kentucky,10272
Crittenden County,Kentucky,9315
Cumberland County,Kentucky,6856
Daviess County,Kentucky,96656
Edmonson County,Kentucky,12161
Elliott County,Kentucky,7852
Estill County,Kentucky,14672
Fayette County,Kentucky,295803
Fleming County,Kentucky,14348
Floyd County,Kentucky,39451
Franklin County,Kentucky,49285
Fulton County,Kentucky,6813
Gallatin County,Kentucky,8589
Garrard County,Kentucky,16912
Grant County,Kentucky,24662
Graves County,Kentucky,37121
Grayson County,Kentucky,25746
Green County,Kentucky,11258
Greenup County,Kentucky,36910
Hancock County,Kentucky,8565
Hardin County,Kentucky,105543
Harlan County,Kentucky,29278
Harrison County,Kentucky,18846
Hart County,Kentucky,18199
Henderson County,Kentucky,46250
Henry County,Kentucky,15416
Hickman County,Kentucky,4902
Hopkins County,Kentucky,46920
Jackson County,Kentucky,13494
Jefferson County,Kentucky,741096
Jessamine County,Kentucky,48586
Johnson County,Kentucky,23356
Kenton County,Kentucky,159720
Knott County,Kentucky,16346
Knox County,Kentucky,31883
Larue County,Kentucky,14193
Laurel County,Kentucky,58849
Lawrence County,Kentucky,15860
Lee County,Kentucky,7887
Leslie County,Kentucky,11310
Letcher County,Kentucky,24519
Lewis County,Kentucky,13870
Lincoln County,Kentucky,24742
Livingston County,Kentucky,9519
Logan County,Kentucky,26835
Lyon County,Kentucky,8314
McCracken County,Kentucky,65565
McCreary County,Kentucky,18306
McLean County,Kentucky,9531
Madison County,Kentucky,82916
Magoffin County,Kentucky,13333
Marion County,Kentucky,19820
Marshall County,Kentucky,31448
Martin County,Kentucky,12929
Mason County,Kentucky,17490
Meade County,Kentucky,28602
Menifee County,Kentucky,6306
Mercer County,Kentucky,21331
Metcalfe County,Kentucky,10099
Monroe County,Kentucky,10963
Montgomery County,Kentucky,26499
Morgan County,Kentucky,13923
Muhlenberg County,Kentucky,31499
Nelson County,Kentucky,43437
Nicholas County,Kentucky,7135
Ohio County,Kentucky,23842
Oldham County,Kentucky,60316
Owen County,Kentucky,10841
Owsley County,Kentucky,4755
Pendleton County,Kentucky,14877
Perry County,Kentucky,28712
Pike County,Kentucky,65024
Powell County,Kentucky,12613
Pulaski County,Kentucky,63063
Robertson County,Kentucky,2282
Rockcastle County,Kentucky,17056
Rowan County,Kentucky,23333
Russell County,Kentucky,17565
Scott County,Kentucky,47173
Shelby County,Kentucky,42074
Simpson County,Kentucky,17327
Spencer County,Kentucky,17061
Taylor County,Kentucky,24512
Todd County,Kentucky,12460
Trigg County,Kentucky,14339
Trimble County,Kentucky,8809
Union County,Kentucky,15007
Warren County,Kentucky,113792
Washington County,Kentucky,11717
Wayne County,Kentucky,20813
Webster County,Kentucky,13621
Whitley County,Kentucky,35637
Wolfe County,Kentucky,7355
Woodford County,Kentucky,24939
Acadia Parish,Louisiana,61773
Allen Parish,Louisiana,25764
Ascension Parish,Louisiana,107215
Assumption Parish,Louisiana,23421
Avoyelles Parish,Louisiana,42073
Beauregard Parish,Louisiana,35654
Bienville Parish,Louisiana,14353
Bossier Parish,Louisiana,116979
Caddo Parish,Louisiana,254969
Calcasieu Parish,Louisiana,192768
Caldwell Parish,Louisiana,10132
Cameron Parish,Louisiana,6839
Catahoula Parish,Louisiana,10407
Claiborne Parish,Louisiana,17195
Concordia Parish,Louisiana,20822
De Soto Parish,Louisiana,26656
East Baton Rouge Parish,Louisiana,440171
East Carroll Parish,Louisiana,7759
East Feliciana Parish,Louisiana,20267
Evangeline Parish,Louisiana,33984
Franklin Parish,Louisiana,20767
Grant Parish,Louisiana,22309
Iberia Parish,Louisiana,73240
Iberville Parish,Louisiana,33387
Jackson Parish,Louisiana,16274
Jefferson Parish,Louisiana,432552
Jefferson Davis Parish,Louisiana,31594
Lafayette Parish,Louisiana,221578
Lafourche Parish,Louisiana,96318
La Salle Parish,Louisiana,14890
Lincoln Parish,Louisiana,46735
Livingston Parish,Louisiana,128026
Madison Parish,Louisiana,12093
Morehouse Parish,Louisiana,27979
Natchitoches Parish,Louisiana,39566
Orleans Parish,Louisiana,343829
Ouachita Parish,Louisiana,153720
Plaquemines Parish,Louisiana,23042
Pointe Coupee Parish,Louisiana,22802
Rapides Parish,Louisiana,131613
Red River Parish,Louisiana,9091
Richland Parish,Louisiana,20725
Sabine Parish,Louisiana,24233
St. Bernard Parish,Louisiana,35897
St. Charles Parish,Louisiana,52780
St. Helena Parish,Louisiana,11203
St. James Parish,Louisiana,22102
St. John the Baptist Parish,Louisiana,45924
St. Landry Parish,Louisiana,83384
St. Martin Parish,Louisiana,52160
St. Mary Parish,Louisiana,54650
St. Tammany Parish,Louisiana,233740
Tangipahoa Parish,Louisiana,121097
Tensas Parish,Louisiana,5252
Terrebonne Parish,Louisiana,111860
Union Parish,Louisiana,22721
Vermilion Parish,Louisiana,57999
Vernon Parish,Louisiana,52334
Washington Parish,Louisiana,47168
Webster Parish,Louisiana,41207
West Baton Rouge Parish,Louisiana,23788
West Carroll Parish,Louisiana,11604
West Feliciana Parish,Louisiana,15625
Winn Parish,Louisiana,15313
Androscoggin County,Maine,107702
Aroostook County,Maine,71870
Cumberland County,Maine,281674
Franklin County,Maine,30768
Hancock County,Maine,54418
Kennebec County,Maine,122151
Knox County,Maine,39736
Lincoln County,Maine,34457
Oxford County,Maine,57833
Penobscot County,Maine,153923
Piscataquis County,Maine,17535
Sagadahoc County,Maine,35293
Somerset County,Maine,52228
Waldo County,Maine,38786
Washington County,Maine,32856
York County,Maine,197131
Allegany County,Maryland,75087
Anne Arundel County,Maryland,537656
Baltimore County,Maryland,805029
Calvert County,Maryland,88737
Caroline County,Maryland,33066
Carroll County,Maryland,167134
Cecil County,Maryland,101108
Charles County,Maryland,146551
Dorchester County,Maryland,32618
Frederick County,Maryland,233385
Garrett County,Maryland,30097
Harford County,Maryland,244826
Howard County,Maryland,287085
Kent County,Maryland,20197
Montgomery County,Maryland,971777
Prince George's County,Maryland,863420
Queen Anne's County,Maryland,47798
St. Mary's County,Maryland,105151
Somerset County,Maryland,26470
Talbot County,Maryland,37782
Washington County,Maryland,147430
Wicomico County,Maryland,98733
Worcester County,Maryland,51454
Baltimore city,Maryland,620961
Barnstable County,Massachusetts,215888
Berkshire County,Massachusetts,131219
Bristol County,Massachusetts,548285
Dukes County,Massachusetts,16535
Essex County,Massachusetts,743159
Franklin County,Massachusetts,71372
Hampden County,Massachusetts,463490
Hampshire County,Massachusetts,158080
Middlesex County,Massachusetts,1503085
Nantucket County,Massachusetts,10172
Norfolk County,Massachusetts,670850
Plymouth County,Massachusetts,494919
Suffolk County,Massachusetts,722023
Worcester County,Massachusetts,798552
Alcona County,Michigan,10942
Alger County,Michigan,9601
Allegan County,Michigan,111408
Alpena County,Michigan,29598
Antrim County,Michigan,23580
Arenac County,Michigan,15899
Baraga County,Michigan,8860
Barry County,Michigan,59173
Bay County,Michigan,107771
Benzie County,Michigan,17525
Berrien County,Michigan,156813
Branch County,Michigan,45248
Calhoun County,Michigan,136146
Cass County,Michigan,52293
Charlevoix County,Michigan,25949
Cheboygan County,Michigan,26152
Chippewa County,Michigan,38520
Clare County,Michigan,30926
Clinton County,Michigan,75382
Crawford County,Michigan,14074
Delta County,Michigan,37069
Dickinson County,Michigan,26168
Eaton County,Michigan,107759
Emmet County,Michigan,32694
Genesee County,Michigan,425790
Gladwin County,Michigan,25692
Gogebic County,Michigan,16427
Grand Traverse County,Michigan,86986
Gratiot County,Michigan,42476
Hillsdale County,Michigan,46688
Houghton County,Michigan,36628
Huron County,Michigan,33118
Ingham County,Michigan,280895
Ionia County,Michigan,63905
Iosco County,Michigan,25887
Iron County,Michigan,11817
Isabella County,Michigan,70311
Jackson County,Michigan,160248
Kalamazoo County,Michigan,250331
Kalkaska County,Michigan,17153
Kent County,Michigan,602622
Keweenaw County,Michigan,2156
Lake County,Michigan,11539
Lapeer County,Michigan,88319
Leelanau County,Michigan,21708
Lenawee County,Michigan,99892
Livingston County,Michigan,180967
Luce County,Michigan,6631
Mackinac County,Michigan,11113
Macomb County,Michigan,840978
Manistee County,Michigan,24733
Marquette County,Michigan,67077
Mason County,Michigan,28705
Mecosta County,Michigan,42798
Menominee County,Michigan,24029
Midland County,Michigan,83629
Missaukee County,Michigan,14849
Monroe County,Michigan,152021
Montcalm County,Michigan,63342
Montmorency County,Michigan,9765
Muskegon County,Michigan,172188
Newaygo County,Michigan,48460
Oakland County,Michigan,1202362
Oceana County,Michigan,26570
Ogemaw County,Michigan,21699
Ontonagon County,Michigan,6780
Osceola County,Michigan,23528
Oscoda County,Michigan,8640
Otsego County,Michigan,24164
Ottawa County,Michigan,263801
Presque Isle County,Michigan,13376
Roscommon County,Michigan,24449
Saginaw County,Michigan,200169
St. Clair County,Michigan,163040
St. Joseph County,Michigan,61295
Sanilac County,Michigan,43114
Schoolcraft County,Michigan,8485
Shiawassee County,Michigan,70648
Tuscola County,Michigan,55729
Van Buren County,Michigan,76258
Washtenaw County,Michigan,344791
Wayne County,Michigan,1820584
Wexford County,Michigan,32735
Aitkin County,Minnesota,16202
Anoka County,Minnesota,330844
Becker County,Minnesota,32504
Beltrami County,Minnesota,44442
Benton County,Minnesota,38451
Big Stone County,Minnesota,5269
Blue Earth County,Minnesota,64013
Brown County,Minnesota,25893
Carlton County,Minnesota,35386
Carver County,Minnesota,91042
Cass County,Minnesota,28567
Chippewa County,Minnesota,12441
Chisago County,Minnesota,53887
Clay County,Minnesota,58999
Clearwater County,Minnesota,8695
Cook County,Minnesota,5176
Cottonwood County,Minnesota,11687
Crow Wing County,Minnesota,62500
Dakota County,Minnesota,398552
Dodge County,Minnesota,20087
Douglas County,Minnesota,36009
Faribault County,Minnesota,14553
Fillmore County,Minnesota,20866
Freeborn County,Minnesota,31255
Goodhue County,Minnesota,46183
Grant County,Minnesota,6018
Hennepin County,Minnesota,1152425
Houston County,Minnesota,19027
Hubbard County,Minnesota,20428
Isanti County,Minnesota,37816
Itasca County,Minnesota,45058
Jackson County,Minnesota,10266
Kanabec County,Minnesota,16239
Kandiyohi County,Minnesota,42239
Kittson County,Minnesota,4552
Koochiching County,Minnesota,13311
Lac qui Parle County,Minnesota,7259
Lake County,Minnesota,10866
Lake of the Woods County,Minnesota,4045
Le Sueur County,Minnesota,27703
Lincoln County,Minnesota,5896
Lyon County,Minnesota,25857
McLeod County,Minnesota,36651
Mahnomen County,Minnesota,5413
Marshall County,Minnesota,9439
Martin County,Minnesota,20840
Meeker County,Minnesota,23300
Mille Lacs County,Minnesota,26097
Morrison County,Minnesota,33198
Mower County,Minnesota,39163
Murray County,Minnesota,8725
Nicollet County,Minnesota,32727
Nobles County,Minnesota,21378
Norman County,Minnesota,6852
Olmsted County,Minnesota,144248
Otter Tail County,Minnesota,57303
Pennington County,Minnesota,13930
Pine County,Minnesota,29750
Pipestone County,Minnesota,9596
Polk County,Minnesota,31600
Pope County,Minnesota,10995
Ramsey County,Minnesota,508640
Red Lake County,Minnesota,4089
Redwood County,Minnesota,16059
Renville County,Minnesota,15730
Rice County,Minnesota,64142
Rock County,Minnesota,9687
Roseau County,Minnesota,15629
St. Louis County,Minnesota,200226
Scott County,Minnesota,129928
Sherburne County,Minnesota,88499
Sibley County,Minnesota,15226
Stearns County,Minnesota,150642
Steele County,Minnesota,36576
Stevens County,Minnesota,9726
Swift County,Minnesota,9783
Todd County,Minnesota,24895
Traverse County,Minnesota,3558
Wabasha County,Minnesota,21676
Wadena County,Minnesota,13843
Waseca County,Minnesota,19136
Washington County,Minnesota,238136
Watonwan County,Minnesota,11211
Wilkin County,Minnesota,6576
Winona County,Minnesota,51461
Wright County,Minnesota,124700
Yellow Medicine County,Minnesota,10438
Adams County,Mississippi,32297
Alcorn County,Mississippi,37057
Amite County,Mississippi,13131
Attala County,Mississippi,19564
Benton County,Mississippi,8729
Bolivar County,Mississippi,34145
Calhoun County,Mississippi,14962
Carroll County,Mississippi,10597
Chickasaw County,Mississippi,17392
Choctaw County,Mississippi,8547
Claiborne County,Mississippi,9604
Clarke County,Mississippi,16732
Clay County,Mississippi,20634
Coahoma County,Mississippi,26151
Copiah County,Mississippi,29449
Covington County,Mississippi,19568
DeSoto County,Mississippi,161252
Forrest County,Mississippi,74934
Franklin County,Mississippi,8118
George County,Mississippi,22578
Greene County,Mississippi,14400
Grenada County,Mississippi,21906
Hancock County,Mississippi,43929
Harrison County,Mississippi,187105
Hinds County,Mississippi,245285
Holmes County,Mississippi,19198
Humphreys County,Mississippi,9375
Issaquena County,Mississippi,1406
Itawamba County,Mississippi,23401
Jackson County,Mississippi,139668
Jasper County,Mississippi,17062
Jefferson County,Mississippi,7726
Jefferson Davis County,Mississippi,12487
Jones County,Mississippi,67761
Kemper County,Mississippi,10456
Lafayette County,Mississippi,47351
Lamar County,Mississippi,55658
Lauderdale County,Mississippi,80261
Lawrence County,Mississippi,12929
Leake County,Mississippi,23805
Lee County,Mississippi,82910
Leflore County,Mississippi,32317
Lincoln County,Mississippi,34869
Lowndes County,Mississippi,59779
Madison County,Mississippi,95203
Marion County,Mississippi,27088
Marshall County,Mississippi,37144
Monroe County,Mississippi,36989
Montgomery County,Mississippi,10925
Neshoba County,Mississippi,29676
Newton County,Mississippi,21720
Noxubee County,Mississippi,11545
Oktibbeha County,Mississippi,47671
Panola County,Mississippi,34707
Pearl River County,Mississippi,55834
Perry County,Mississippi,12250
Pike County,Mississippi,40404
Pontotoc County,Mississippi,29957
Prentiss County,Mississippi,25276
Quitman County,Mississippi,8223
Rankin County,Mississippi,141617
Scott County,Mississippi,28264
Sharkey County,Mississippi,4916
Simpson County,Mississippi,27503
Smith County,Mississippi,16491
Stone County,Mississippi,17786
Sunflower County,Mississippi,29450
Tallahatchie County,Mississippi,15378
Tate County,Mississippi,28886
Tippah County,Mississippi,22232
Tishomingo County,Mississippi,19593
Tunica County,Mississippi,10778
Union County,Mississippi,27134
Walthall County,Mississippi,15443
Warren County,Mississippi,48773
Washington County,Mississippi,51137
Wayne County,Mississippi,20747
Webster County,Mississippi,10253
Wilkinson County,Mississippi,9878
Winston County,Mississippi,19198
Yalobusha County,Mississippi,12678
Yazoo County,Mississippi,28065
Adair County,Missouri,25607
Andrew County,Missouri,17291
Atchison County,Missouri,5685
Audrain County,Missouri,25529
Barry County,Missouri,35597
Barton County,Missouri,12402
Bates County,Missouri,17049
Benton County,Missouri,19056
Bollinger County,Missouri,12363
Boone County,Missouri,162642
Buchanan County,Missouri,89201
Butler County,Missouri,42794
Caldwell County,Missouri,9424
Callaway County,Missouri,44332
Camden County,Missouri,44002
Cape Girardeau County,Missouri,75674
Carroll County,Missouri,9295
Carter County,Missouri,6265
Cass County,Missouri,99478
Cedar County,Missouri,13982
Chariton County,Missouri,7831
Christian County,Missouri,77422
Clark County,Missouri,7139
Clay County,Missouri,221939
Clinton County,Missouri,20743
Cole County,Missouri,75990
Cooper County,Missouri,17601
Crawford County,Missouri,24696
Dade County,Missouri,7883
Dallas County,Missouri,16777
Daviess County,Missouri,8433
DeKalb County,Missouri,12892
Dent County,Missouri,15657
Douglas County,Missouri,13684
Dunklin County,Missouri,31953
Franklin County,Missouri,101492
Gasconade County,Missouri,15222
Gentry County,Missouri,6738
Greene County,Missouri,275174
Grundy County,Missouri,10261
Harrison County,Missouri,8957
Henry County,Missouri,22272
Hickory County,Missouri,9627
Holt County,Missouri,4912
Howard County,Missouri,10144
Howell County,Missouri,40400
Iron County,Missouri,10630
Jackson County,Missouri,674158
Jasper County,Missouri,117404
Jefferson County,Missouri,218733
Johnson County,Missouri,52595
Knox County,Missouri,4131
Laclede County,Missouri,35571
Lafayette County,Missouri,33381
Lawrence County,Missouri,38634
Lewis County,Missouri,10211
Lincoln County,Missouri,52566
Linn County,Missouri,12761
Livingston County,Missouri,15195
McDonald County,Missouri,23083
Macon County,Missouri,15566
Madison County,Missouri,12226
Maries County,Missouri,9176
Marion County,Missouri,28781
Mercer County,Missouri,3785
Miller County,Missouri,24748
Mississippi County,Missouri,14358
Moniteau County,Missouri,15607
Monroe County,Missouri,8840
Montgomery County,Missouri,12236
Morgan County,Missouri,20565
New Madrid County,Missouri,18956
Newton County,Missouri,58114
Nodaway County,Missouri,23370
Oregon County,Missouri,10881
Osage County,Missouri,13878
Ozark County,Missouri,9723
Pemiscot County,Missouri,18296
Perry County,Missouri,18971
Pettis County,Missouri,42201
Phelps County,Missouri,45156
Pike County,Missouri,18516
Platte County,Missouri,89322
Polk County,Missouri,31137
Pulaski County,Missouri,52274
Putnam County,Missouri,4979
Ralls County,Missouri,10167
Randolph County,Missouri,25414
Ray County,Missouri,23494
Reynolds County,Missouri,6696
Ripley County,Missouri,14100
St. Charles County,Missouri,360485
St. Clair County,Missouri,9805
Ste. Genevieve County,Missouri,18145
St. Francois County,Missouri,65359
St. Louis County,Missouri,998954
Saline County,Missouri,23370
Schuyler County,Missouri,4431
Scotland County,Missouri,4843
Scott County,Missouri,39191
Shannon County,Missouri,8441
Shelby County,Missouri,6373
Stoddard County,Missouri,29968
Stone County,Missouri,32202
Sullivan County,Missouri,6714
Taney County,Missouri,51675
Texas County,Missouri,26008
Vernon County,Missouri,21159
Warren County,Missouri,32513
Washington County,Missouri,25195
Wayne County,Missouri,13521
Webster County,Missouri,36202
Worth County,Missouri,2171
Wright County,Missouri,18815
St. Louis city,Missouri,319294
Beaverhead County,Montana,9246
Big Horn County,Montana,12865
Blaine County,Montana,6491
Broadwater County,Montana,5612
Carbon County,Montana,10078
Carter County,Montana,1160
Cascade County,Montana,81327
Chouteau County,Montana,5813
Custer County,Montana,11699
Daniels County,Montana,1751
Dawson County,Montana,8966
Deer Lodge County,Montana,9298
Fallon County,Montana,2890
Fergus County,Montana,11586
Flathead County,Montana,90928
Gallatin County,Montana,89513
Garfield County,Montana,1206
Glacier County,Montana,13399
Golden Valley County,Montana,884
Granite County,Montana,3079
Hill County,Montana,16096
Jefferson County,Montana,11406
Judith Basin County,Montana,2072
Lake County,Montana,28746
Lewis and Clark County,Montana,63395
Liberty County,Montana,2339
Lincoln County,Montana,19687
McCone County,Montana,1734
Madison County,Montana,7691
Meagher County,Montana,1891
Mineral County,Montana,4223
Missoula County,Montana,109299
Musselshell County,Montana,4538
Park County,Montana,15636
Petroleum County,Montana,494
Phillips County,Montana,4253
Pondera County,Montana,6153
Powder River County,Montana,1743
Powell County,Montana,7027
Prairie County,Montana,1179
Ravalli County,Montana,40212
Richland County,Montana,9746
Roosevelt County,Montana,10425
Rosebud County,Montana,9233
Sanders County,Montana,11413
Sheridan County,Montana,3384
Silver Bow County,Montana,34200
Stillwater County,Montana,9117
Sweet Grass County,Montana,3651
Teton County,Montana,6073
Toole County,Montana,5324
Treasure County,Montana,718
Valley County,Montana,7369
Wheatland County,Montana,2168
Wibaux County,Montana,1017
Yellowstone County,Montana,147972
Adams County,Nebraska,31364
Antelope County,Nebraska,6685
Arthur County,Nebraska,460
Banner County,Nebraska,690
Blaine County,Nebraska,478
Boone County,Nebraska,5505
Box Butte County,Nebraska,11308
Boyd County,Nebraska,2099
Brown County,Nebraska,3145
Buffalo County,Nebraska,46102
Burt County,Nebraska,6858
Butler County,Nebraska,8395
Cass County,Nebraska,25241
Cedar County,Nebraska,8852
Chase County,Nebraska,3966
Cherry County,Nebraska,5713
Cheyenne County,Nebraska,9998
Clay County,Nebraska,6542
Colfax County,Nebraska,10515
Cuming County,Nebraska,9139
Custer County,Nebraska,10939
Dakota County,Nebraska,21006
Dawes County,Nebraska,9182
Dawson County,Nebraska,24326
Deuel County,Nebraska,1941
Dixon County,Nebraska,6000
Dodge County,Nebraska,36691
Douglas County,Nebraska,517110
Dundy County,Nebraska,2008
Fillmore County,Nebraska,5890
Franklin County,Nebraska,3225
Frontier County,Nebraska,2756
Furnas County,Nebraska,4959
Gage County,Nebraska,22311
Garden County,Nebraska,2057
Garfield County,Nebraska,2049
Gosper County,Nebraska,2044
Grant County,Nebraska,614
Greeley County,Nebraska,2538
Hall County,Nebraska,58607
Hamilton County,Nebraska,9124
Harlan County,Nebraska,3423
Hayes County,Nebraska,967
Hitchcock County,Nebraska,2908
Holt County,Nebraska,10435
Hooker County,Nebraska,736
Howard County,Nebraska,6274
Jefferson County,Nebraska,7547
Johnson County,Nebraska,5217
Kearney County,Nebraska,6489
Keith County,Nebraska,8368
Keya Paha County,Nebraska,824
Kimball County,Nebraska,3821
Knox County,Nebraska,8701
Lancaster County,Nebraska,285407
Lincoln County,Nebraska,36288
Logan County,Nebraska,763
Loup County,Nebraska,632
McPherson County,Nebraska,539
Madison County,Nebraska,34876
Merrick County,Nebraska,7845
Morrill County,Nebraska,5042
Nance County,Nebraska,3735
Nemaha County,Nebraska,7248
Nuckolls County,Nebraska,4500
Otoe County,Nebraska,15740
Pawnee County,Nebraska,2773
Perkins County,Nebraska,2970
Phelps County,Nebraska,9188
Pierce County,Nebraska,7266
Platte County,Nebraska,32237
Polk County,Nebraska,5406
Red Willow County,Nebraska,11055
Richardson County,Nebraska,8363
Rock County,Nebraska,1526
Saline County,Nebraska,14200
Sarpy County,Nebraska,158840
Saunders County,Nebraska,20780
Scotts Bluff County,Nebraska,36970
Seward County,Nebraska,16750
Sheridan County,Nebraska,5469
Sherman County,Nebraska,3152
Sioux County,Nebraska,1311
Stanton County,Nebraska,6129
Thayer County,Nebraska,5228
Thomas County,Nebraska,647
Thurston County,Nebraska,6940
Valley County,Nebraska,4260
Washington County,Nebraska,20234
Wayne County,Nebraska,9595
Webster County,Nebraska,3812
Wheeler County,Nebraska,818
York County,Nebraska,13665
Churchill County,Nevada,24877
Clark County,Nevada,1951269
Douglas County,Nevada,46997
Elko County,Nevada,48818
Esmeralda County,Nevada,783
Eureka County,Nevada,1987
Humboldt County,Nevada,16528
Lander County,Nevada,5775
Lincoln County,Nevada,5345
Lyon County,Nevada,51980
Mineral County,Nevada,4772
Nye County,Nevada,43946
Pershing County,Nevada,6753
Storey County,Nevada,4010
Washoe County,Nevada,421407
White Pine County,Nevada,10030
Carson City,Nevada,55274
Belknap County,New Hampshire,60088
Carroll County,New Hampshire,47818
Cheshire County,New Hampshire,77117
Coos County,New Hampshire,33055
Grafton County,New Hampshire,89118
Hillsborough County,New Hampshire,400721
Merrimack County,New Hampshire,146445
Rockingham County,New Hampshire,295223
Strafford County,New Hampshire,123143
Sullivan County,New Hampshire,43742
Atlantic County,New Jersey,274549
Bergen County,New Jersey,905116
Burlington County,New Jersey,448734
Camden County,New Jersey,513657
Cape May County,New Jersey,97265
Cumberland County,New Jersey,156898
Essex County,New Jersey,783969
Gloucester County,New Jersey,288288
Hudson County,New Jersey,634266
Hunterdon County,New Jersey,128349
Mercer County,New Jersey,366513
Middlesex County,New Jersey,809858
Monmouth County,New Jersey,630380
Morris County,New Jersey,492276
Ocean County,New Jersey,576567
Passaic County,New Jersey,501226
Salem County,New Jersey,66083
Somerset County,New Jersey,323444
Sussex County,New Jersey,149265
Union County,New Jersey,536499
Warren County,New Jersey,108692
Bernalillo County,New Mexico,662564
Catron County,New Mexico,3725
Chaves County,New Mexico,65645
Cibola County,New Mexico,27213
Colfax County,New Mexico,13750
Curry County,New Mexico,48376
De Baca County,New Mexico,2022
Doña Ana County,New Mexico,209233
Eddy County,New Mexico,53829
Grant County,New Mexico,29514
Guadalupe County,New Mexico,4687
Harding County,New Mexico,695
Hidalgo County,New Mexico,4894
Lea County,New Mexico,64727
Lincoln County,New Mexico,20497
Los Alamos County,New Mexico,17950
Luna County,New Mexico,25095
McKinley County,New Mexico,71492
Mora County,New Mexico,4881
Otero County,New Mexico,63797
Quay County,New Mexico,9041
Rio Arriba County,New Mexico,40246
Roosevelt County,New Mexico,19846
Sandoval County,New Mexico,131561
San Juan County,New Mexico,130044
San Miguel County,New Mexico,29393
Santa Fe County,New Mexico,144170
Sierra County,New Mexico,11988
Socorro County,New Mexico,17866
Taos County,New Mexico,32937
Torrance County,New Mexico,16383
Union County,New Mexico,4549
Valencia County,New Mexico,76569
Albany County,New York,304204
Allegany County,New York,48946
Bronx County,New York,1385108
Broome County,New York,200600
Cattaraugus County,New York,80317
Cayuga County,New York,80026
Chautauqua County,New York,134905
Chemung County,New York,88830
Chenango County,New York,50477
Clinton County,New York,82128
Columbia County,New York,63096
Cortland County,New York,49336
Delaware County,New York,47980
Dutchess County,New York,297488
Erie County,New York,919040
Essex County,New York,39370
Franklin County,New York,51599
Fulton County,New York,55531
Genesee County,New York,60079
Greene County,New York,49221
Hamilton County,New York,4836
Herkimer County,New York,64519
Jefferson County,New York,116229
Kings County,New York,2504700
Lewis County,New York,27087
Livingston County,New York,65393
Madison County,New York,73442
Monroe County,New York,744344
Montgomery County,New York,50219
Nassau County,New York,1339532
New York County,New York,1585873
Niagara County,New York,216469
Oneida County,New York,234878
Onondaga County,New York,467026
Ontario County,New York,107931
Orange County,New York,372813
Orleans County,New York,42883
Oswego County,New York,122109
Otsego County,New York,62259
Putnam County,New York,99710
Queens County,New York,2230722
Rensselaer County,New York,159429
Richmond County,New York,468730
Rockland County,New York,311687
St. Lawrence County,New York,111944
Saratoga County,New York,219607
Schenectady County,New York,154727
Schoharie County,New York,32749
Schuyler County,New York,18343
Seneca County,New York,35251
Steuben County,New York,98990
Suffolk County,New York,1493350
Sullivan County,New York,77547
Tioga County,New York,51125
Tompkins County,New York,101564
Ulster County,New York,182493
Warren County,New York,65707
Washington County,New York,63216
Wayne County,New York,93772
Westchester County,New York,949113
Wyoming County,New York,42155
Yates County,New York,25348
Alamance County,North Carolina,151131
Alexander County,North Carolina,37198
Alleghany County,North Carolina,11155
Anson County,North Carolina,26948
Ashe County,North Carolina,27281
Avery County,North Carolina,17797
Beaufort County,North Carolina,47759
Bertie County,North Carolina,21282
Bladen County,North Carolina,35190
Brunswick County,North Carolina,107431
Buncombe County,North Carolina,238318
Burke County,North Carolina,90912
Cabarrus County,North Carolina,178011
Caldwell County,North Carolina,83029
Camden County,North Carolina,9980
Carteret County,North Carolina,66469
Caswell County,North Carolina,23719
Catawba County,North Carolina,154358
Chatham County,North Carolina,63505
Cherokee County,North Carolina,27444
Chowan County,North Carolina,14793
Clay County,North Carolina,10587
Cleveland County,North Carolina,98078
Columbus County,North Carolina,58098
Craven County,North Carolina,103505
Cumberland County,North Carolina,319431
Currituck County,North Carolina,23547
Dare County,North Carolina,33920
Davidson County,North Carolina,162878
Davie County,North Carolina,41240
Duplin County,North Carolina,58505
Durham County,North Carolina,267587
Edgecombe County,North Carolina,56552
Forsyth County,North Carolina,350670
Franklin County,North Carolina,60619
Gaston County,North Carolina,206086
Gates County,North Carolina,12197
Graham County,North Carolina,8861
Granville County,North Carolina,59916
Greene County,North Carolina,21362
Guilford County,North Carolina,488406
Halifax County,North Carolina,54691
Harnett County,North Carolina,114678
Haywood County,North Carolina,59036
Henderson County,North Carolina,106740
Hertford County,North Carolina,24669
Hoke County,North Carolina,46952
Hyde County,North Carolina,5810
Iredell County,North Carolina,159437
Jackson County,North Carolina,40271
Johnston County,North Carolina,168878
Jones County,North Carolina,10153
Lee County,North Carolina,57866
Lenoir County,North Carolina,59495
Lincoln County,North Carolina,78265
McDowell County,North Carolina,44996
Macon County,North Carolina,33922
Madison County,North Carolina,20764
Martin County,North Carolina,24505
Mecklenburg County,North Carolina,919628
Mitchell County,North Carolina,15579
Montgomery County,North Carolina,27798
Moore County,North Carolina,88247
Nash County,North Carolina,95840
New Hanover County,North Carolina,202667
Northampton County,North Carolina,22099
Onslow County,North Carolina,177772
Orange County,North Carolina,133801
Pamlico County,North Carolina,13144
Pasquotank County,North Carolina,40661
Pender County,North Carolina,52217
Perquimans County,North Carolina,13453
Person County,North Carolina,39464
Pitt County,North Carolina,168148
Polk County,North Carolina,20510
Randolph County,North Carolina,141752
Richmond County,North Carolina,46639
Robeson County,North Carolina,134168
Rockingham County,North Carolina,93643
Rowan County,North Carolina,138428
Rutherford County,North Carolina,67810
Sampson County,North Carolina,63431
Scotland County,North Carolina,36157
Stanly County,North Carolina,60585
Stokes County,North Carolina,47401
Surry County,North Carolina,73673
Swain County,North Carolina,13981
Transylvania County,North Carolina,33090
Tyrrell County,North Carolina,4407
Union County,North Carolina,201292
Vance County,North Carolina,45422
Wake County,North Carolina,900993
Warren County,North Carolina,20972
Washington County,North Carolina,13228
Watauga County,North Carolina,51079
Wayne County,North Carolina,122623
Wilkes County,North Carolina,69340
Wilson County,North Carolina,81234
Yadkin County,North Carolina,38406
Yancey County,North Carolina,17818
Adams County,North Dakota,2343
Barnes County,North Dakota,11066
Benson County,North Dakota,6660
Billings County,North Dakota,783
Bottineau County,North Dakota,6429
Bowman County,North Dakota,3151
Burke County,North Dakota,1968
Burleigh County,North Dakota,81308
Cass County,North Dakota,149778
Cavalier County,North Dakota,3993
Dickey County,North Dakota,5289
Divide County,North Dakota,2071
Dunn County,North Dakota,3536
Eddy County,North Dakota,2385
Emmons County,North Dakota,3550
Foster County,North Dakota,3343
Golden Valley County,North Dakota,1680
Grand Forks County,North Dakota,66861
Grant County,North Dakota,2394
Griggs County,North Dakota,2420
Hettinger County,North Dakota,2477
Kidder County,North Dakota,2435
LaMoure County,North Dakota,4139
Logan County,North Dakota,1990
McHenry County,North Dakota,5395
McIntosh County,North Dakota,2809
McKenzie County,North Dakota,6360
McLean County,North Dakota,8962
Mercer County,North Dakota,8424
Morton County,North Dakota,27471
Mountrail County,North Dakota,7673
Nelson County,North Dakota,3126
Oliver County,North Dakota,1846
Pembina County,North Dakota,7413
Pierce County,North Dakota,4357
Ramsey County,North Dakota,11451
Ransom County,North Dakota,5457
Renville County,North Dakota,2470
Richland County,North Dakota,16321
Rolette County,North Dakota,13937
Sargent County,North Dakota,3829
Sheridan County,North Dakota,1321
Sioux County,North Dakota,4153
Slope County,North Dakota,727
Stark County,North Dakota,24199
Steele County,North Dakota,1975
Stutsman County,North Dakota,21100
Towner County,North Dakota,2246
Traill County,North Dakota,8121
Walsh County,North Dakota,11119
Ward County,North Dakota,61675
Wells County,North Dakota,4207
Williams County,North Dakota,22398
Adams County,Ohio,28550
Allen County,Ohio,106331
Ashland County,Ohio,53139
Ashtabula County,Ohio,101497
Athens County,Ohio,64757
Auglaize County,Ohio,45949
Belmont County,Ohio,70400
Brown County,Ohio,44846
Butler County,Ohio,368130
Carroll County,Ohio,28836
Champaign County,Ohio,40097
Clark County,Ohio,138333
Clermont County,Ohio,197363
Clinton County,Ohio,42040
Columbiana County,Ohio,107841
Coshocton County,Ohio,36901
Crawford County,Ohio,43784
Cuyahoga County,Ohio,1280122
Darke County,Ohio,52959
Defiance County,Ohio,39037
Delaware County,Ohio,174214
Erie County,Ohio,77079
Fairfield County,Ohio,146156
Fayette County,Ohio,29030
Franklin County,Ohio,1163414
Fulton County,Ohio,42698
Gallia County,Ohio,30934
Geauga County,Ohio,93389
Greene County,Ohio,161573
Guernsey County,Ohio,40087
Hamilton County,Ohio,802374
Hancock County,Ohio,74782
Hardin County,Ohio,32058
Harrison County,Ohio,15864
Henry County,Ohio,28215
Highland County,Ohio,43589
Hocking County,Ohio,29380
Holmes County,Ohio,42366
Huron County,Ohio,59626
Jackson County,Ohio,33225
Jefferson County,Ohio,69709
Knox County,Ohio,60921
Lake County,Ohio,230041
Lawrence County,Ohio,62450
Licking County,Ohio,166492
Logan County,Ohio,45858
Lorain County,Ohio,301356
Lucas County,Ohio,441815
Madison County,Ohio,43435
Mahoning County,Ohio,238823
Marion County,Ohio,66501
Medina County,Ohio,172332
Meigs County,Ohio,23770
Mercer County,Ohio,40814
Miami County,Ohio,102506
Monroe County,Ohio,14642
Montgomery County,Ohio,535153
Morgan County,Ohio,15054
Morrow County,Ohio,34827
Muskingum County,Ohio,86074
Noble County,Ohio,14645
Ottawa County,Ohio,41428
Paulding County,Ohio,19614
Perry County,Ohio,36058
Pickaway County,Ohio,55698
Pike County,Ohio,28709
Portage County,Ohio,161419
Preble County,Ohio,42270
Putnam County,Ohio,34499
Richland County,Ohio,124475
Ross County,Ohio,78064
Sandusky County,Ohio,60944
Scioto County,Ohio,79499
Seneca County,Ohio,56745
Shelby County,Ohio,49423
Stark County,Ohio,375586
Summit County,Ohio,541781
Trumbull County,Ohio,210312
Tuscarawas County,Ohio,92582
Union County,Ohio,52300
Van Wert County,Ohio,28744
Vinton County,Ohio,13435
Warren County,Ohio,212693
Washington County,Ohio,61778
Wayne County,Ohio,114520
Williams County,Ohio,37642
Wood County,Ohio,125488
Wyandot County,Ohio,22615
Adair County,Oklahoma,22683
Alfalfa County,Oklahoma,5642
Atoka County,Oklahoma,14182
Beaver County,Oklahoma,5636
Beckham County,Oklahoma,22119
Blaine County,Oklahoma,11943
Bryan County,Oklahoma,42416
Caddo County,Oklahoma,29600
Canadian County,Oklahoma,115541
Carter County,Oklahoma,47557
Cherokee County,Oklahoma,46987
Choctaw County,Oklahoma,15205
Cimarron County,Oklahoma,2475
Cleveland County,Oklahoma,255755
Coal County,Oklahoma,5925
Comanche County,Oklahoma,124098
Cotton County,Oklahoma,6193
Craig County,Oklahoma,15029
Creek County,Oklahoma,69967
Custer County,Oklahoma,27469
Delaware County,Oklahoma,41487
Dewey County,Oklahoma,4810
Ellis County,Oklahoma,4151
Garfield County,Oklahoma,60580
Garvin County,Oklahoma,27576
Grady County,Oklahoma,52431
Grant County,Oklahoma,4527
Greer County,Oklahoma,6239
Harmon County,Oklahoma,2922
Harper County,Oklahoma,3685
Haskell County,Oklahoma,12769
Hughes County,Oklahoma,14003
Jackson County,Oklahoma,26446
Jefferson County,Oklahoma,6472
Johnston County,Oklahoma,10957
Kay County,Oklahoma,46562
Kingfisher County,Oklahoma,15034
Kiowa County,Oklahoma,9446
Latimer County,Oklahoma,11154
Le Flore County,Oklahoma,50384
Lincoln County,Oklahoma,34273
Logan County,Oklahoma,41848
Love County,Oklahoma,9423
McClain County,Oklahoma,34506
McCurtain County,Oklahoma,33151
McIntosh County,Oklahoma,20252
Major County,Oklahoma,7527
Marshall County,Oklahoma,15840
Mayes County,Oklahoma,41259
Murray County,Oklahoma,13488
Muskogee County,Oklahoma,70990
Noble County,Oklahoma,11561
Nowata County,Oklahoma,10536
Okfuskee County,Oklahoma,12191
Oklahoma County,Oklahoma,718633
Okmulgee County,Oklahoma,40069
Osage County,Oklahoma,47472
Ottawa County,Oklahoma,31848
Pawnee County,Oklahoma,16577
Payne County,Oklahoma,77350
Pittsburg County,Oklahoma,45837
Pontotoc County,Oklahoma,37492
Pottawatomie County,Oklahoma,69442
Pushmataha County,Oklahoma,11572
Roger Mills County,Oklahoma,3647
Rogers County,Oklahoma,86905
Seminole County,Oklahoma,25482
Sequoyah County,Oklahoma,42391
Stephens County,Oklahoma,45048
Texas County,Oklahoma,20640
Tillman County,Oklahoma,7992
Tulsa County,Oklahoma,603403
Wagoner County,Oklahoma,73085
Washington County,Oklahoma,50976
Washita County,Oklahoma,11629
Woods County,Oklahoma,8878
Woodward County,Oklahoma,20081
Baker County,Oregon,16134
Benton County,Oregon,85579
Clackamas County,Oregon,375992
Clatsop County,Oregon,37039
Columbia County,Oregon,49351
Coos County,Oregon,63043
Crook County,Oregon,20978
Curry County,Oregon,22364
Deschutes County,Oregon,157733
Douglas County,Oregon,107667
Gilliam County,Oregon,1871
Grant County,Oregon,7445
Harney County,Oregon,7422
Hood River County,Oregon,22346
Jackson County,Oregon,203206
Jefferson County,Oregon,21720
Josephine County,Oregon,82713
Klamath County,Oregon,66380
Lake County,Oregon,7895
Lane County,Oregon,351715
Lincoln County,Oregon,46034
Linn County,Oregon,116672
Malheur County,Oregon,31313
Marion County,Oregon,315335
Morrow County,Oregon,11173
Multnomah County,Oregon,735334
Polk County,Oregon,75403
Sherman County,Oregon,1765
Tillamook County,Oregon,25250
Umatilla County,Oregon,75889
Union County,Oregon,25748
Wallowa County,Oregon,7008
Wasco County,Oregon,25213
Washington County,Oregon,529710
Wheeler County,Oregon,1441
Yamhill County,Oregon,99193
Adams County,Pennsylvania,101407
Allegheny County,Pennsylvania,1223348
Armstrong County,Pennsylvania,68941
Beaver County,Pennsylvania,170539
Bedford County,Pennsylvania,49762
Berks County,Pennsylvania,411442
Blair County,Pennsylvania,127089
Bradford County,Pennsylvania,62622
Bucks County,Pennsylvania,625249
Butler County,Pennsylvania,183862
Cambria County,Pennsylvania,143679
Cameron County,Pennsylvania,5085
Carbon County,Pennsylvania,65249
Centre County,Pennsylvania,153990
Chester County,Pennsylvania,498886
Clarion County,Pennsylvania,39988
Clearfield County,Pennsylvania,81642
Clinton County,Pennsylvania,39238
Columbia County,Pennsylvania,67295
Crawford County,Pennsylvania,88765
Cumberland County,Pennsylvania,235406
Dauphin County,Pennsylvania,268100
Delaware County,Pennsylvania,558979
Elk County,Pennsylvania,31946
Erie County,Pennsylvania,280566
Fayette County,Pennsylvania,136606
Forest County,Pennsylvania,7716
Franklin County,Pennsylvania,149618
Fulton County,Pennsylvania,14845
Greene County,Pennsylvania,38686
Huntingdon County,Pennsylvania,45913
Indiana County,Pennsylvania,88880
Jefferson County,Pennsylvania,45200
Juniata County,Pennsylvania,24636
Lackawanna County,Pennsylvania,214437
Lancaster County,Pennsylvania,519445
Lawrence County,Pennsylvania,91108
Lebanon County,Pennsylvania,133568
Lehigh County,Pennsylvania,349497
Luzerne County,Pennsylvania,320918
Lycoming County,Pennsylvania,116111
McKean County,Pennsylvania,43450
Mercer County,Pennsylvania,116638
Mifflin County,Pennsylvania,46682
Monroe County,Pennsylvania,169842
Montgomery County,Pennsylvania,799874
Montour County,Pennsylvania,18267
Northampton County,Pennsylvania,297735
Northumberland County,Pennsylvania,94528
Perry County,Pennsylvania,45969
Philadelphia County,Pennsylvania,1526006
Pike County,Pennsylvania,57369
Potter County,Pennsylvania,17457
Schuylkill County,Pennsylvania,148289
Snyder County,Pennsylvania,39702
Somerset County,Pennsylvania,77742
Sullivan County,Pennsylvania,6428
Susquehanna County,Pennsylvania,43356
Tioga County,Pennsylvania,41981
Union County,Pennsylvania,44947
Venango County,Pennsylvania,54984
Warren County,Pennsylvania,41815
Washington County,Pennsylvania,207820
Wayne County,Pennsylvania,52822
Westmoreland County,Pennsylvania,365169
Wyoming County,Pennsylvania,28276
York County,Pennsylvania,434972
Bristol County,Rhode Island,49875
Kent County,Rhode Island,166158
Newport County,Rhode Island,82888
Providence County,Rhode Island,626667
Washington County,Rhode Island,126979
Abbeville County,South Carolina,25417
Aiken County,South Carolina,160099
Allendale County,South Carolina,10419
Anderson County,South Carolina,187126
Bamberg County,South Carolina,15987
Barnwell County,South Carolina,22621
Beaufort County,South Carolina,162233
Berkeley County,South Carolina,177843
Calhoun County,South Carolina,15175
Charleston County,South Carolina,350209
Cherokee County,South Carolina,55342
Chester County,South Carolina,33140
Chesterfield County,South Carolina,46734
Clarendon County,South Carolina,34971
Colleton County,South Carolina,38892
Darlington County,South Carolina,68681
Dillon County,South Carolina,32062
Dorchester County,South Carolina,136555
Edgefield County,South Carolina,26985
Fairfield County,South Carolina,23956
Florence County,South Carolina,136885
Georgetown County,South Carolina,60158
Greenville County,South Carolina,451225
Greenwood County,South Carolina,69661
Hampton County,South Carolina,21090
Horry County,South Carolina,269291
Jasper County,South Carolina,24777
Kershaw County,South Carolina,61697
Lancaster County,South Carolina,76652
Laurens County,South Carolina,66537
Lee County,South Carolina,19220
Lexington County,South Carolina,262391
McCormick County,South Carolina,10233
Marion County,South Carolina,33062
Marlboro County,South Carolina,28933
Newberry County,South Carolina,37508
Oconee County,South Carolina,74273
Orangeburg County,South Carolina,92501
Pickens County,South Carolina,119224
Richland County,South Carolina,384504
Saluda County,South Carolina,19875
Spartanburg County,South Carolina,284307
Sumter County,South Carolina,107456
Union County,South Carolina,28961
Williamsburg County,South Carolina,34423
York County,South Carolina,226073
Aurora County,South Dakota,2710
Beadle County,South Dakota,17398
Bennett County,South Dakota,3431
Bon Homme County,South Dakota,7070
Brookings County,South Dakota,31965
Brown County,South Dakota,36531
Brule County,South Dakota,5255
Buffalo County,South Dakota,1912
Butte County,South Dakota,10110
Campbell County,South Dakota,1466
Charles Mix County,South Dakota,9129
Clark County,South Dakota,3691
Clay County,South Dakota,13864
Codington County,South Dakota,27227
Corson County,South Dakota,4050
Custer County,South Dakota,8216
Davison County,South Dakota,19504
Day County,South Dakota,5710
Deuel County,South Dakota,4364
Dewey County,South Dakota,5301
Douglas County,South Dakota,3002
Edmunds County,South Dakota,4071
Fall River County,South Dakota,7094
Faulk County,South Dakota,2364
Grant County,South Dakota,7356
Gregory County,South Dakota,4271
Haakon County,South Dakota,1937
Hamlin County,South Dakota,5903
Hand County,South Dakota,3431
Hanson County,South Dakota,3331
Harding County,South Dakota,1255
Hughes County,South Dakota,17022
Hutchinson County,South Dakota,7343
Hyde County,South Dakota,1420
Jackson County,South Dakota,3031
Jerauld County,South Dakota,2071
Jones County,South Dakota,1006
Kingsbury County,South Dakota,5148
Lake County,South Dakota,11200
Lawrence County,South Dakota,24097
Lincoln County,South Dakota,44828
Lyman County,South Dakota,3755
McCook County,South Dakota,5618
McPherson County,South Dakota,2459
Marshall County,South Dakota,4656
Meade County,South Dakota,25434
Mellette County,South Dakota,2048
Miner County,South Dakota,2389
Minnehaha County,South Dakota,169468
Moody County,South Dakota,6486
Pennington County,South Dakota,100948
Perkins County,South Dakota,2982
Potter County,South Dakota,2329
Roberts County,South Dakota,10149
Sanborn County,South Dakota,2355
Shannon County,South Dakota,13586
Spink County,South Dakota,6415
Stanley County,South Dakota,2966
Sully County,South Dakota,1373
Todd County,South Dakota,9612
Tripp County,South Dakota,5644
Turner County,South Dakota,8347
Union County,South Dakota,14399
Walworth County,South Dakota,5438
Yankton County,South Dakota,22438
Ziebach County,South Dakota,2801
Anderson County,Tennessee,75129
Bedford County,Tennessee,45058
Benton County,Tennessee,16489
Bledsoe County,Tennessee,12876
Blount County,Tennessee,123010
Bradley County,Tennessee,98963
Campbell County,Tennessee,40716
Cannon County,Tennessee,13801
Carroll County,Tennessee,28522
Carter County,Tennessee,57424
Cheatham County,Tennessee,39105
Chester County,Tennessee,17131
Claiborne County,Tennessee,32213
Clay County,Tennessee,7861
Cocke County,Tennessee,35662
Coffee County,Tennessee,52796
Crockett County,Tennessee,14586
Cumberland County,Tennessee,56053
Davidson County,Tennessee,626681
Decatur County,Tennessee,11757
DeKalb County,Tennessee,18723
Dickson County,Tennessee,49666
Dyer County,Tennessee,38335
Fayette County,Tennessee,38413
Fentress County,Tennessee,17959
Franklin County,Tennessee,41052
Gibson County,Tennessee,49683
Giles County,Tennessee,29485
Grainger County,Tennessee,22657
Greene County,Tennessee,68831
Grundy County,Tennessee,13703
Hamblen County,Tennessee,62544
Hamilton County,Tennessee,336463
Hancock County,Tennessee,6819
Hardeman County,Tennessee,27253
Hardin County,Tennessee,26026
Hawkins County,Tennessee,56833
Haywood County,Tennessee,18787
Henderson County,Tennessee,27769
Henry County,Tennessee,32330
Hickman County,Tennessee,24690
Houston County,Tennessee,8426
Humphreys County,Tennessee,18538
Jackson County,Tennessee,11638
Jefferson County,Tennessee,51407
Johnson County,Tennessee,18244
Knox County,Tennessee,432226
Lake County,Tennessee,7832
Lauderdale County,Tennessee,27815
Lawrence County,Tennessee,41869
Lewis County,Tennessee,12161
Lincoln County,Tennessee,33361
Loudon County,Tennessee,48556
McMinn County,Tennessee,52266
McNairy County,Tennessee,26075
Macon County,Tennessee,22248
Madison County,Tennessee,98294
Marion County,Tennessee,28237
Marshall County,Tennessee,30617
Maury County,Tennessee,80956
Meigs County,Tennessee,11753
Monroe County,Tennessee,44519
Montgomery County,Tennessee,172331
Moore County,Tennessee,6362
Morgan County,Tennessee,21987
Obion County,Tennessee,31807
Overton County,Tennessee,22083
Perry County,Tennessee,7915
Pickett County,Tennessee,5077
Polk County,Tennessee,16825
Putnam County,Tennessee,72321
Rhea County,Tennessee,31809
Roane County,Tennessee,54181
Robertson County,Tennessee,66283
Rutherford County,Tennessee,262604
Scott County,Tennessee,22228
Sequatchie County,Tennessee,14112
Sevier County,Tennessee,89889
Shelby County,Tennessee,927644
Smith County,Tennessee,19166
Stewart County,Tennessee,13324
Sullivan County,Tennessee,156823
Sumner County,Tennessee,160645
Tipton County,Tennessee,61081
Trousdale County,Tennessee,7870
Unicoi County,Tennessee,18313
Union County,Tennessee,19109
Van Buren County,Tennessee,5548
Warren County,Tennessee,39839
Washington County,Tennessee,122979
Wayne County,Tennessee,17021
Weakley County,Tennessee,35021
White County,Tennessee,25841
Williamson County,Tennessee,183182
Wilson County,Tennessee,113993
Anderson County,Texas,58458
Andrews County,Texas,14786
Angelina County,Texas,86771
Aransas County,Texas,23158
Archer County,Texas,9054
Armstrong County,Texas,1901
Atascosa County,Texas,44911
Austin County,Texas,28417
Bailey County,Texas,7165
Bandera County,Texas,20485
Bastrop County,Texas,74171
Baylor County,Texas,3726
Bee County,Texas,31861
Bell County,Texas,310235
Bexar County,Texas,1714773
Blanco County,Texas,10497
Borden County,Texas,641
Bosque County,Texas,18212
Bowie County,Texas,92565
Brazoria County,Texas,313166
Brazos County,Texas,194851
Brewster County,Texas,9232
Briscoe County,Texas,1637
Brooks County,Texas,7223
Brown County,Texas,38106
Burleson County,Texas,17187
Burnet County,Texas,42750
Caldwell County,Texas,38066
Calhoun County,Texas,21381
Callahan County,Texas,13544
Cameron County,Texas,406220
Camp County,Texas,12401
Carson County,Texas,6182
Cass County,Texas,30464
Castro County,Texas,8062
Chambers County,Texas,35096
Cherokee County,Texas,50845
Childress County,Texas,7041
Clay County,Texas,10752
Cochran County,Texas,3127
Coke County,Texas,3320
Coleman County,Texas,8895
Collin County,Texas,782341
Collingsworth County,Texas,3057
Colorado County,Texas,20874
Comal County,Texas,108472
Comanche County,Texas,13974
Concho County,Texas,4087
Cooke County,Texas,38437
Coryell County,Texas,75388
Cottle County,Texas,1505
Crane County,Texas,4375
Crockett County,Texas,3719
Crosby County,Texas,6059
Culberson County,Texas,2398
Dallam County,Texas,6703
Dallas County,Texas,2368139
Dawson County,Texas,13833
Deaf Smith County,Texas,19372
Delta County,Texas,5231
Denton County,Texas,662614
DeWitt County,Texas,20097
Dickens County,Texas,2444
Dimmit County,Texas,9996
Donley County,Texas,3677
Duval County,Texas,11782
Eastland County,Texas,18583
Ector County,Texas,137130
Edwards County,Texas,2002
Ellis County,Texas,149610
El Paso County,Texas,800647
Erath County,Texas,37890
Falls County,Texas,17866
Fannin County,Texas,33915
Fayette County,Texas,24554
Fisher County,Texas,3974
Floyd County,Texas,6446
Foard County,Texas,1336
Fort Bend County,Texas,585375
Franklin County,Texas,10605
Freestone County,Texas,19816
Frio County,Texas,17217
Gaines County,Texas,17526
Galveston County,Texas,291309
Garza County,Texas,6461
Gillespie County,Texas,24837
Glasscock County,Texas,1226
Goliad County,Texas,7210
Gonzales County,Texas,19807
Gray County,Texas,22535
Grayson County,Texas,120877
Gregg County,Texas,121730
Grimes County,Texas,26604
Guadalupe County,Texas,131533
Hale County,Texas,36273
Hall County,Texas,3353
Hamilton County,Texas,8517
Hansford County,Texas,5613
Hardeman County,Texas,4139
Hardin County,Texas,54635
Harris County,Texas,4092459
Harrison County,Texas,65631
Hartley County,Texas,6062
Haskell County,Texas,5899
Hays County,Texas,157107
Hemphill County,Texas,3807
Henderson County,Texas,78532
Hidalgo County,Texas,774769
Hill County,Texas,35089
Hockley County,Texas,22935
Hood County,Texas,51182
Hopkins County,Texas,35161
Houston County,Texas,23732
Howard County,Texas,35012
Hudspeth County,Texas,3476
Hunt County,Texas,86129
Hutchinson County,Texas,22150
Irion County,Texas,1599
Jack County,Texas,9044
Jackson County,Texas,14075
Jasper County,Texas,35710
Jeff Davis County,Texas,2342
Jefferson County,Texas,252273
Jim Hogg County,Texas,5300
Jim Wells County,Texas,40838
Johnson County,Texas,150934
Jones County,Texas,20202
Karnes County,Texas,14824
Kaufman County,Texas,103350
Kendall County,Texas,33410
Kenedy County,Texas,416
Kent County,Texas,808
Kerr County,Texas,49625
Kimble County,Texas,4607
King County,Texas,286
Kinney County,Texas,3598
Kleberg County,Texas,32061
Knox County,Texas,3719
Lamar County,Texas,49793
Lamb County,Texas,13977
Lampasas County,Texas,19677
La Salle County,Texas,6886
Lavaca County,Texas,19263
Lee County,Texas,16612
Leon County,Texas,16801
Liberty County,Texas,75643
Limestone County,Texas,23384
Lipscomb County,Texas,3302
Live Oak County,Texas,11531
Llano County,Texas,19301
Loving County,Texas,82
Lubbock County,Texas,278831
Lynn County,Texas,5915
McCulloch County,Texas,8283
McLennan County,Texas,234906
McMullen County,Texas,707
Madison County,Texas,13664
Marion County,Texas,10546
Martin County,Texas,4799
Mason County,Texas,4012
Matagorda County,Texas,36702
Maverick County,Texas,54258
Medina County,Texas,46006
Menard County,Texas,2242
Midland County,Texas,136872
Milam County,Texas,24757
Mills County,Texas,4936
Mitchell County,Texas,9403
Montague County,Texas,19719
Montgomery County,Texas,455746
Moore County,Texas,21904
Morris County,Texas,12934
Motley County,Texas,1210
Nacogdoches County,Texas,64524
Navarro County,Texas,47735
Newton County,Texas,14445
Nolan County,Texas,15216
Nueces County,Texas,340223
Ochiltree County,Texas,10223
Oldham County,Texas,2052
Orange County,Texas,81837
Palo Pinto County,Texas,28111
Panola County,Texas,23796
Parker County,Texas,116927
Parmer County,Texas,10269
Pecos County,Texas,15507
Polk County,Texas,45413
Potter County,Texas,121073
Presidio County,Texas,7818
Rains County,Texas,10914
Randall County,Texas,120725
Reagan County,Texas,3367
Real County,Texas,3309
Red River County,Texas,12860
Reeves County,Texas,13783
Refugio County,Texas,7383
Roberts County,Texas,929
Robertson County,Texas,16622
Rockwall County,Texas,78337
Runnels County,Texas,10501
Rusk County,Texas,53330
Sabine County,Texas,10834
San Augustine County,Texas,8865
San Jacinto County,Texas,26384
San Patricio County,Texas,64804
San Saba County,Texas,6131
Schleicher County,Texas,3461
Scurry County,Texas,16921
Shackelford County,Texas,3378
Shelby County,Texas,25448
Sherman County,Texas,3034
Smith County,Texas,209714
Somervell County,Texas,8490
Starr County,Texas,60968
Stephens County,Texas,9630
Sterling County,Texas,1143
Stonewall County,Texas,1490
Sutton County,Texas,4128
Swisher County,Texas,7854
Tarrant County,Texas,1809034
Taylor County,Texas,131506
Terrell County,Texas,984
Terry County,Texas,12651
Throckmorton County,Texas,1641
Titus County,Texas,32334
Tom Green County,Texas,110224
Travis County,Texas,1024266
Trinity County,Texas,14585
Tyler County,Texas,21766
Upshur County,Texas,39309
Upton County,Texas,3355
Uvalde County,Texas,26405
Val Verde County,Texas,48879
Van Zandt County,Texas,52579
Victoria County,Texas,86793
Walker County,Texas,67861
Waller County,Texas,43205
Ward County,Texas,10658
Washington County,Texas,33718
Webb County,Texas,250304
Wharton County,Texas,41280
Wheeler County,Texas,5410
Wichita County,Texas,131500
Wilbarger County,Texas,13535
Willacy County,Texas,22134
Williamson County,Texas,422679
Wilson County,Texas,42918
Winkler County,Texas,7110
Wise County,Texas,59127
Wood County,Texas,41964
Yoakum County,Texas,7879
Young County,Texas,18550
Zapata County,Texas,14018
Zavala County,Texas,11677
Beaver County,Utah,6629
Box Elder County,Utah,49975
Cache County,Utah,112656
Carbon County,Utah,21403
Daggett County,Utah,1059
Davis County,Utah,306479
Duchesne County,Utah,18607
Emery County,Utah,10976
Garfield County,Utah,5172
Grand County,Utah,9225
Iron County,Utah,46163
Juab County,Utah,10246
Kane County,Utah,7125
Millard County,Utah,12503
Morgan County,Utah,9469
Piute County,Utah,1556
Rich County,Utah,2264
Salt Lake County,Utah,1029655
San Juan County,Utah,14746
Sanpete County,Utah,27822
Sevier County,Utah,20802
Summit County,Utah,36324
Tooele County,Utah,58218
Uintah County,Utah,32588
Utah County,Utah,516564
Wasatch County,Utah,23530
Washington County,Utah,138115
Wayne County,Utah,2778
Weber County,Utah,231236
Addison County,Vermont,36821
Bennington County,Vermont,37125
Caledonia County,Vermont,31227
Chittenden County,Vermont,156545
Essex County,Vermont,6306
Franklin County,Vermont,47746
Grand Isle County,Vermont,6970
Lamoille County,Vermont,24475
Orange County,Vermont,28936
Orleans County,Vermont,27231
Rutland County,Vermont,61642
Washington County,Vermont,59534
Windham County,Vermont,44513
Windsor County,Vermont,56670
Accomack County,Virginia,33164
Albemarle County,Virginia,98970
Alleghany County,Virginia,16250
Amelia County,Virginia,12690
Amherst County,Virginia,32353
Appomattox County,Virginia,14973
Arlington County,Virginia,207627
Augusta County,Virginia,73750
Bath County,Virginia,4731
Bedford County,Virginia,68676
Bland County,Virginia,6824
Botetourt County,Virginia,33148
Brunswick County,Virginia,17434
Buchanan County,Virginia,24098
Buckingham County,Virginia,17146
Campbell County,Virginia,54842
Caroline County,Virginia,28545
Carroll County,Virginia,30042
Charles City County,Virginia,7256
Charlotte County,Virginia,12586
Chesterfield County,Virginia,316236
Clarke County,Virginia,14034
Craig County,Virginia,5190
Culpeper County,Virginia,46689
Cumberland County,Virginia,10052
Dickenson County,Virginia,15903
Dinwiddie County,Virginia,28001
Essex County,Virginia,11151
Fairfax County,Virginia,1081726
Fauquier County,Virginia,65203
Floyd County,Virginia,15279
Fluvanna County,Virginia,25691
Franklin County,Virginia,56159
Frederick County,Virginia,78305
Giles County,Virginia,17286
Gloucester County,Virginia,36858
Goochland County,Virginia,21717
Grayson County,Virginia,15533
Greene County,Virginia,18403
Greensville County,Virginia,12243
Halifax County,Virginia,36241
Hanover County,Virginia,99863
Henrico County,Virginia,306935
Henry County,Virginia,54151
Highland County,Virginia,2321
Isle of Wight County,Virginia,35270
James City County,Virginia,67009
King and Queen County,Virginia,6945
King George County,Virginia,23584
King William County,Virginia,15935
Lancaster County,Virginia,11391
Lee County,Virginia,25587
Loudoun County,Virginia,312311
Louisa County,Virginia,33153
Lunenburg County,Virginia,12914
Madison County,Virginia,13308
Mathews County,Virginia,8978
Mecklenburg County,Virginia,32727
Middlesex County,Virginia,10959
Montgomery County,Virginia,94392
Nelson County,Virginia,15020
New Kent County,Virginia,18429
Northampton County,Virginia,12389
Northumberland County,Virginia,12330
Nottoway County,Virginia,15853
Orange County,Virginia,33481
Page County,Virginia,24042
Patrick County,Virginia,18490
Pittsylvania County,Virginia,63506
Powhatan County,Virginia,28046
Prince Edward County,Virginia,23368
Prince George County,Virginia,35725
Prince William County,Virginia,402002
Pulaski County,Virginia,34872
Rappahannock County,Virginia,7373
Richmond County,Virginia,9254
Roanoke County,Virginia,92376
Rockbridge County,Virginia,22307
Rockingham County,Virginia,76314
Russell County,Virginia,28897
Scott County,Virginia,23177
Shenandoah County,Virginia,41993
Smyth County,Virginia,32208
Southampton County,Virginia,18570
Spotsylvania County,Virginia,122397
Stafford County,Virginia,128961
Surry County,Virginia,7058
Sussex County,Virginia,12087
Tazewell County,Virginia,45078
Warren County,Virginia,37575
Washington County,Virginia,54876
Westmoreland County,Virginia,17454
Wise County,Virginia,41452
Wythe County,Virginia,29235
York County,Virginia,65464
Alexandria city,Virginia,139966
Bristol city,Virginia,17835
Buena Vista city,Virginia,6650
Charlottesville city,Virginia,43475
Chesapeake city,Virginia,222209
Colonial Heights city,Virginia,17411
Covington city,Virginia,5961
Danville city,Virginia,43055
Emporia city,Virginia,5927
Fairfax city,Virginia,22565
Falls Church city,Virginia,12332
Franklin city,Virginia,8582
Fredericksburg city,Virginia,24286
Galax city,Virginia,7042
Hampton city,Virginia,137436
Harrisonburg city,Virginia,48914
Hopewell city,Virginia,22591
Lexington city,Virginia,7042
Lynchburg city,Virginia,75568
Manassas city,Virginia,37821
Manassas Park city,Virginia,14273
Martinsville city,Virginia,13821
Newport News city,Virginia,180719
Norfolk city,Virginia,242803
Norton city,Virginia,3958
Petersburg city,Virginia,32420
Poquoson city,Virginia,12150
Portsmouth city,Virginia,95535
Radford city,Virginia,16408
Richmond city,Virginia,204214
Roanoke city,Virginia,97032
Salem city,Virginia,24802
Staunton city,Virginia,23746
Suffolk city,Virginia,84585
Virginia Beach city,Virginia,437994
Waynesboro city,Virginia,21006
Williamsburg city,Virginia,14068
Winchester city,Virginia,26203
Adams County,Washington,18728
Asotin County,Washington,21623
Benton County,Washington,175177
Chelan County,Washington,72453
Clallam County,Washington,71404
Clark County,Washington,425363
Columbia County,Washington,4078
Cowlitz County,Washington,102410
Douglas County,Washington,38431
Ferry County,Washington,7551
Franklin County,Washington,78163
Garfield County,Washington,2266
Grant County,Washington,89120
Grays Harbor County,Washington,72797
Island County,Washington,78506
Jefferson County,Washington,29872
King County,Washington,1931249
Kitsap County,Washington,251133
Kittitas County,Washington,40915
Klickitat County,Washington,20318
Lewis County,Washington,75455
Lincoln County,Washington,10570
Mason County,Washington,60699
Okanogan County,Washington,41120
Pacific County,Washington,20920
Pend Oreille County,Washington,13001
Pierce County,Washington,795225
San Juan County,Washington,15769
Skagit County,Washington,116901
Skamania County,Washington,11066
Snohomish County,Washington,713335
Spokane County,Washington,471221
Stevens County,Washington,43531
Thurston County,Washington,252264
Wahkiakum County,Washington,3978
Walla Walla County,Washington,58781
Whatcom County,Washington,201140
Whitman County,Washington,44776
Yakima County,Washington,243231
Barbour County,West Virginia,16589
Berkeley County,West Virginia,104169
Boone County,West Virginia,24629
Braxton County,West Virginia,14523
Brooke County,West Virginia,24069
Cabell County,West Virginia,96319
Calhoun County,West Virginia,7627
Clay County,West Virginia,9386
Doddridge County,West Virginia,8202
Fayette County,West Virginia,46039
Gilmer County,West Virginia,8693
Grant County,West Virginia,11937
Greenbrier County,West Virginia,35480
Hampshire County,West Virginia,23964
Hancock County,West Virginia,30676
Hardy County,West Virginia,14025
Harrison County,West Virginia,69099
Jackson County,West Virginia,29211
Jefferson County,West Virginia,53498
Kanawha County,West Virginia,193063
Lewis County,West Virginia,16372
Lincoln County,West Virginia,21720
Logan County,West Virginia,36743
McDowell County,West Virginia,22113
Marion County,West Virginia,56418
Marshall County,West Virginia,33107
Mason County,West Virginia,27324
Mercer County,West Virginia,62264
Mineral County,West Virginia,28212
Mingo County,West Virginia,26839
Monongalia County,West Virginia,96189
Monroe County,West Virginia,13502
Morgan County,West Virginia,17541
Nicholas County,West Virginia,26233
Ohio County,West Virginia,44443
Pendleton County,West Virginia,7695
Pleasants County,West Virginia,7605
Pocahontas County,West Virginia,8719
Preston County,West Virginia,33520
Putnam County,West Virginia,55486
Raleigh County,West Virginia,78859
Randolph County,West Virginia,29405
Ritchie County,West Virginia,10449
Roane County,West Virginia,14926
Summers County,West Virginia,13927
Taylor County,West Virginia,16895
Tucker County,West Virginia,7141
Tyler County,West Virginia,9208
Upshur County,West Virginia,24254
Wayne County,West Virginia,42481
Webster County,West Virginia,9154
Wetzel County,West Virginia,16583
Wirt County,West Virginia,5717
Wood County,West Virginia,86956
Wyoming County,West Virginia,23796
Adams County,Wisconsin,20875
Ashland County,Wisconsin,16157
Barron County,Wisconsin,45870
Bayfield County,Wisconsin,15014
Brown County,Wisconsin,248007
Buffalo County,Wisconsin,13587
Burnett County,Wisconsin,15457
Calumet County,Wisconsin,48971
Chippewa County,Wisconsin,62415
Clark County,Wisconsin,34690
Columbia County,Wisconsin,56833
Crawford County,Wisconsin,16644
Dane County,Wisconsin,488073
Dodge County,Wisconsin,88759
Door County,Wisconsin,27785
Douglas County,Wisconsin,44159
Dunn County,Wisconsin,43857
Eau Claire County,Wisconsin,98736
Florence County,Wisconsin,4423
Fond du Lac County,Wisconsin,101633
Forest County,Wisconsin,9304
Grant County,Wisconsin,51208
Green County,Wisconsin,36842
Green Lake County,Wisconsin,19051
Iowa County,Wisconsin,23687
Iron County,Wisconsin,5916
Jackson County,Wisconsin,20449
Jefferson County,Wisconsin,83686
Juneau County,Wisconsin,26664
Kenosha County,Wisconsin,166426
Kewaunee County,Wisconsin,20574
La Crosse County,Wisconsin,114638
Lafayette County,Wisconsin,16836
Langlade County,Wisconsin,19977
Lincoln County,Wisconsin,28743
Manitowoc County,Wisconsin,81442
Marathon County,Wisconsin,134063
Marinette County,Wisconsin,41749
Marquette County,Wisconsin,15404
Menominee County,Wisconsin,4232
Milwaukee County,Wisconsin,947735
Monroe County,Wisconsin,44673
Oconto County,Wisconsin,37660
Oneida County,Wisconsin,35998
Outagamie County,Wisconsin,176695
Ozaukee County,Wisconsin,86395
Pepin County,Wisconsin,7469
Pierce County,Wisconsin,41019
Polk County,Wisconsin,44205
Portage County,Wisconsin,70019
Price County,Wisconsin,14159
Racine County,Wisconsin,195408
Richland County,Wisconsin,18021
Rock County,Wisconsin,160331
Rusk County,Wisconsin,14755
St. Croix County,Wisconsin,84345
Sauk County,Wisconsin,61976
Sawyer County,Wisconsin,16557
Shawano County,Wisconsin,41949
Sheboygan County,Wisconsin,115507
Taylor County,Wisconsin,20689
Trempealeau County,Wisconsin,28816
Vernon County,Wisconsin,29773
Vilas County,Wisconsin,21430
Walworth County,Wisconsin,102228
Washburn County,Wisconsin,15911
Washington County,Wisconsin,131887
Waukesha County,Wisconsin,389891
Waupaca County,Wisconsin,52410
Waushara County,Wisconsin,24496
Winnebago County,Wisconsin,166994
Wood County,Wisconsin,74749
Albany County,Wyoming,36299
Big Horn County,Wyoming,11668
Campbell County,Wyoming,46133
Carbon County,Wyoming,15885
Converse County,Wyoming,13833
Crook County,Wyoming,7083
Fremont County,Wyoming,40123
Goshen County,Wyoming,13249
Hot Springs County,Wyoming,4812
Johnson County,Wyoming,8569
Laramie County,Wyoming,91738
Lincoln County,Wyoming,18106
Natrona County,Wyoming,75450
Niobrara County,Wyoming,2484
Park County,Wyoming,28205
Platte County,Wyoming,8667
Sheridan County,Wyoming,29116
Sublette County,Wyoming,10247
Sweetwater County,Wyoming,43806
Teton County,Wyoming,21294
Uinta County,Wyoming,21118
Washakie County,Wyoming,8533
Weston County,Wyoming,7208
