Team,win_pct,all_star_count,impressions_millions,national_tv_games,metro_pop_millions,team_strength,exposure,cluster,cluster_name
OKC Thunder,0.7681300813008131,2,1080,34,1.512813,3.5860090960940374,1.0988931362819832,1,"Strong, High-Exposure"
San Antonio Spurs,0.4796422764227642,2,1950,22,2.81314,1.3140966939348886,1.6981333352688468,1,"Strong, High-Exposure"
Detroit Pistons,0.47977235772357724,2,659,16,4.390913,1.3151211161655998,-0.6369694218975889,0,"Weak, Low-Exposure"
Boston Celtics,0.7357967479674796,1,1390,25,5.034221,1.9910749905466418,1.5063448448057168,1,"Strong, High-Exposure"
Denver Nuggets,0.6546260162601626,2,959,26,3.092037,2.6921366734093377,0.496633578946214,1,"Strong, High-Exposure"
LA Lakers,0.6096422764227643,2,2640,34,12.844441,2.337878660751617,5.957637039507953,2,"Strongest, Highest-Exposure"
New York Knicks,0.6259024390243902,2,816,34,20.112448,2.465931439590482,4.453293944560525,2,"Strongest, Highest-Exposure"
Cleveland Cavaliers,0.6666178861788618,1,1120,24,2.165775,1.4462744429766896,0.39000729233205084,1,"Strong, High-Exposure"
Houston Rockets,0.5893821138211383,2,1300,28,7.904627,2.178324898318391,2.2156080560326363,1,"Strong, High-Exposure"
Minnesota Timberwolves,0.6261626016260163,1,1250,28,3.790295,1.1276791292255937,1.2962699971592113,1,"Strong, High-Exposure"
Atlanta Hawks,0.49594308943089427,1,509,13,6.482182,0.1021684498945401,-0.7288126576712266,0,"Weak, Low-Exposure"
Toronto Raptors,0.4105772357723578,1,459,2,6.491,-0.5701086390095018,-1.806779968157735,0,"Weak, Low-Exposure"
Philadelphia 76ers,0.47161788617886174,1,542,14,6.329118,-0.0893985072484024,-0.6152626307878605,0,"Weak, Low-Exposure"
Orlando Magic,0.5407235772357724,0,548,14,2.957672,-0.8854753520095353,-1.2917633257362322,0,"Weak, Low-Exposure"
Phoenix Suns,0.5285284552845528,1,864,9,5.228938,0.3587862186876264,-0.7660869204497472,0,"Weak, Low-Exposure"
Charlotte Hornets,0.34160162601626015,0,430,3,2.93883,-2.4536096816702795,-2.4866021283735935,3,"Weakest, Lowest-Exposure"
Miami Heat,0.5120650406504065,0,873,5,6.391072,-1.1111683747130356,-0.8776887491057013,0,"Weak, Low-Exposure"
Portland Trail Blazers,0.4023739837398374,1,550,8,2.542282,-0.6347112659337097,-1.9173973337743935,0,"Weak, Low-Exposure"
LA Clippers,0.5812357723577236,1,838,21,12.844441,0.7738693012938085,1.8303389637078677,1,"Strong, High-Exposure"
Golden State Warriors,0.5324471544715448,1,2630,34,4.630041,0.3896469383877935,4.269095104272715,2,"Strongest, Highest-Exposure"
Milwaukee Bucks,0.5243089430894309,1,614,18,1.57501,0.32555652257894074,-1.1023616977544284,0,"Weak, Low-Exposure"
Chicago Bulls,0.4430731707317073,0,1060,3,9.434123,-1.6544963153263408,-0.133759565308478,0,"Weak, Low-Exposure"
New Orleans Pelicans,0.39021951219512196,0,414,2,0.970849,-2.0707318729420723,-3.0041172922174857,3,"Weakest, Lowest-Exposure"
Dallas Mavericks,0.4674552845528455,1,963,23,8.477157,-0.12218001863115163,1.3272383449864371,1,"Strong, High-Exposure"
Memphis Grizzlies,0.4065447154471544,0,198,10,1.341412,-1.942166882987852,-2.556241340135741,3,"Weakest, Lowest-Exposure"
Sacramento Kings,0.4389268292682927,0,293,9,2.477274,-1.6871497739302515,-2.2603313728073324,3,"Weakest, Lowest-Exposure"
Utah Jazz,0.2844552845528455,0,210,2,1.308377,-2.9036511728994716,-3.2691301026761614,3,"Weakest, Lowest-Exposure"
Brooklyn Nets,0.31710569105691055,0,398,2,20.112448,-2.64652119299103,0.8663114678726738,0,"Weak, Low-Exposure"
Indiana Pacers,0.4716422764227642,1,651,9,2.205695,-0.08920642808014409,-1.7299657617318749,0,"Weak, Low-Exposure"
Washington Wizards,0.20314634146341462,0,208,2,6.465724,-3.543979093483218,-2.222534837149244,3,"Weakest, Lowest-Exposure"
